title,channel,video_url,views,likes,comments,publishedAt,duration
Ils ont volé 17 000 000 € en faisant n'importe quoi...,SQUEEZIE,https://www.youtube.com/watch?v=CQau_FmoyWE,1388502,114825,1337,2025-04-20T16:25:04Z,PT28M20S
Qui a le plus de chance d'avoir un casier judiciaire ?,SQUEEZIE,https://www.youtube.com/watch?v=e0tUoV1yGO0,80827,2087,25,2025-04-17T16:01:03Z,PT1M7S
Squeezie est le plus RACISTE ?,SQUEEZIE,https://www.youtube.com/watch?v=k5IC6qWFN2c,146904,3934,22,2025-04-15T16:01:13Z,PT1M11S
Le bodycount de Squeezie... 🤣,SQUEEZIE,https://www.youtube.com/watch?v=FiejS0EkLiA,220599,5365,18,2025-04-13T16:00:31Z,PT1M18S
"Des inconnus nous jugent #3... (ft Mister V, Seb, Freddy Gladieux, Théo Juice)",SQUEEZIE,https://www.youtube.com/watch?v=zSschbRxYc4,6411958,313813,3132,2025-04-12T17:22:35Z,PT55M50S
Squeezie organise le pire date au tribunal,SQUEEZIE,https://www.youtube.com/watch?v=GfHaYVgOTwA,271171,6634,26,2025-04-01T17:00:24Z,PT1M12S
La vérité sur Squeezie... à méditer,SQUEEZIE,https://www.youtube.com/watch?v=qTvFb_5HDiE,868037,26521,61,2025-04-01T05:00:51Z,PT1M19S
"On confronte nos pires haters IRL (ft Maxime Biaggi, Billy, Locklear)",SQUEEZIE,https://www.youtube.com/watch?v=wchPFmaTpa8,6664739,327083,4333,2025-03-30T16:15:13Z,PT51M13S
Squeezie réalise le rêve de Zack,SQUEEZIE,https://www.youtube.com/watch?v=kbJmCj9xLNk,116796,7643,66,2025-03-25T17:00:52Z,PT1M9S
On a réalisé le rêve de ces enfants 🌈,SQUEEZIE,https://www.youtube.com/watch?v=vUqwSRDN_Do,5156738,514057,9623,2025-03-23T17:32:12Z,PT38M39S
Elle a sacrifié sa famille pour briller…,SQUEEZIE,https://www.youtube.com/watch?v=lC6niUlJhQU,6129478,371576,4654,2025-03-12T18:25:46Z,PT27M2S
La connexion ratée entre Jonathan Cohen et Squeezie,SQUEEZIE,https://www.youtube.com/watch?v=UJNcqmNG9xk,431073,20673,25,2025-03-03T17:00:38Z,PT1M4S
Jonathan Cohen core ✨,SQUEEZIE,https://www.youtube.com/watch?v=iuUCJIINBAo,232303,18150,34,2025-03-02T17:07:19Z,PT1M2S
"Le pire duo finit en prison #4 (ft Jonathan Cohen, Orelsan & Clément Cotentin)",SQUEEZIE,https://www.youtube.com/watch?v=jZKMyrz3_Is,7731595,372272,3243,2025-03-02T12:22:45Z,PT46M15S
Le vrai salaire de Squeezie ?! 🤯,SQUEEZIE,https://www.youtube.com/watch?v=4Qo6MK4-QlY,2299428,114266,443,2025-02-18T17:00:08Z,PT20S
La vérité sur Gotaga... 😔,SQUEEZIE,https://www.youtube.com/watch?v=e7Cxt_jqlAI,402212,20454,116,2025-02-18T05:00:27Z,PT33S
le plus grand fantasme de Squeezie 😂,SQUEEZIE,https://www.youtube.com/watch?v=X3OrieJGkWY,86512,6100,53,2025-02-16T17:00:38Z,PT1M11S
Inoxtag prend une Levrette ?,SQUEEZIE,https://www.youtube.com/watch?v=CA7OayTVYe0,1284437,52637,95,2025-02-15T17:40:58Z,PT27S
"LE PIRE DATE #4 (ft Inoxtag, Amine, Gotaga)",SQUEEZIE,https://www.youtube.com/watch?v=U0TMAvoPPL8,13519299,635077,9270,2025-02-14T22:36:18Z,PT58M1S
Il a fabriqué un jetpack et ça a viré au cauchemar...,SQUEEZIE,https://www.youtube.com/watch?v=rZNWlKFchxM,4412792,255585,2580,2025-02-11T18:32:37Z,PT25M2S
Les tatouages cachés de Joyca et Natoo,SQUEEZIE,https://www.youtube.com/watch?v=VSpU2tQFT3U,110822,6445,21,2025-02-08T06:00:18Z,PT1M24S
Squeezie est un crado ? 🤢,SQUEEZIE,https://www.youtube.com/watch?v=GF1HIJ8fsm8,199352,14021,107,2025-02-03T18:00:19Z,PT1M5S
Le mariage de Squeezie,SQUEEZIE,https://www.youtube.com/watch?v=gUK8F2p-sew,102171,7055,35,2025-02-02T17:00:44Z,PT1M6S
Joyca pète un cable en pleine vidéo 🤣,SQUEEZIE,https://www.youtube.com/watch?v=7fwWeHjS7wk,443258,35734,132,2025-02-01T15:18:46Z,PT1M
"Des inconnus nous jugent #2... (ft Joyca, Maxime Biaggi, Baghera, Natoo)",SQUEEZIE,https://www.youtube.com/watch?v=VeBmwUr-HH0,8005371,406012,5426,2025-02-01T10:40:56Z,PT47M8S
Alison et Jérôme draguent les imposteurs,SQUEEZIE,https://www.youtube.com/watch?v=d07LHfKQy8w,988882,52089,95,2025-01-01T18:00:24Z,PT1M27S
Il a arnaqué tous les riches d'Hollywood avec du vin...,SQUEEZIE,https://www.youtube.com/watch?v=3foLMekKtWM,6065422,341799,3321,2024-12-29T15:10:42Z,PT23M5S
Le plus grand retournement de situation,SQUEEZIE,https://www.youtube.com/watch?v=ooTMKc43JQ8,521622,36424,59,2024-12-28T06:00:26Z,PT1M36S
Le mariage de Squeezie,SQUEEZIE,https://www.youtube.com/watch?v=xDyROtza1jw,253340,19834,30,2024-12-26T18:00:38Z,PT1M8S
Gotaga live en slip ?,SQUEEZIE,https://www.youtube.com/watch?v=9-DSYNqfVgU,56222,3946,18,2024-12-24T18:00:09Z,PT50S
Squeezie se moque d'un égyptologue,SQUEEZIE,https://www.youtube.com/watch?v=h7CXgwT64Zc,142701,8417,21,2024-12-24T06:00:24Z,PT1M1S
Le père de Léna veut poser en slip,SQUEEZIE,https://www.youtube.com/watch?v=LZP4pTCtavo,58529,4732,15,2024-12-23T06:00:10Z,PT1M10S
QUI EST L'IMPOSTEUR ? (ft Jérôme Commandeur & Alison Wheeler),SQUEEZIE,https://www.youtube.com/watch?v=5AhEm7pyc74,10875002,433896,4819,2024-12-22T17:23:14Z,PT49M14S
Squeezie se fait recaler en boîte,SQUEEZIE,https://www.youtube.com/watch?v=_2nC3WzZ4yw,365370,22044,64,2024-12-20T13:03:06Z,PT57S
"4 humains vs 1 IA : le perdant va tout perdre... (ft Joyca, Léna, Gotaga)",SQUEEZIE,https://www.youtube.com/watch?v=I7H8H_UzTBY,6337657,316084,2606,2024-12-19T17:47:25Z,PT40M58S
Squeezie fait une blague raciste ?,SQUEEZIE,https://www.youtube.com/watch?v=J0Kwl2cGifg,269472,14556,56,2024-12-05T17:00:19Z,PT1M24S
Le bodycount de Squeezie,SQUEEZIE,https://www.youtube.com/watch?v=SEU51qfgbnQ,691708,37332,78,2024-12-03T17:00:32Z,PT1M17S
Squeezie dévoile son objet le plus cher 😱,SQUEEZIE,https://www.youtube.com/watch?v=ZyDHAUW77_I,984548,75645,143,2024-12-01T18:00:31Z,PT52S
"Des inconnus nous jugent... (ft Djilsi, Léna, Theodort, Maghla)",SQUEEZIE,https://www.youtube.com/watch?v=HqqisGjdPvQ,12129659,542585,6302,2024-11-30T18:25:26Z,PT48M30S
Léon Marchand rencontre Jumbo,SQUEEZIE,https://www.youtube.com/watch?v=q0E27MXmvNM,457178,34940,44,2024-11-21T18:00:28Z,PT12S
L'ancien prof de Squeezie,SQUEEZIE,https://www.youtube.com/watch?v=OjPnSe8NBIM,931594,80272,157,2024-11-19T18:00:21Z,PT35S
Léon Marchand se lance sur YouTube ?,SQUEEZIE,https://www.youtube.com/watch?v=isImFWHMUlE,114133,6445,20,2024-11-17T18:00:22Z,PT30S
Se raser pour nager plus vite ?,SQUEEZIE,https://www.youtube.com/watch?v=ReH237Zbkzs,1524941,111554,101,2024-11-15T11:00:30Z,PT40S
Léon Marchand et Squeezie en chaussettes (ft Freddy Gladieux & Oscar) - Micro Chaussettes #2,SQUEEZIE,https://www.youtube.com/watch?v=3DFUYS4mPKA,3278288,146549,1803,2024-11-14T18:09:34Z,PT1H8M1S
La daronne d'Amine est actrice ?,SQUEEZIE,https://www.youtube.com/watch?v=YSjncCUUGQM,370774,29904,76,2024-11-04T09:08:36Z,PT44S
Ce pote,SQUEEZIE,https://www.youtube.com/watch?v=SUXEHsBd5zg,932501,71637,370,2024-11-01T18:47:54Z,PT58S
72h enfermés dans les catacombes,SQUEEZIE,https://www.youtube.com/watch?v=Acxn7x1kBok,8011266,400937,7556,2024-10-31T18:41:14Z,PT1H23M29S
Le dérapage de l'imposteur,SQUEEZIE,https://www.youtube.com/watch?v=qIo4_yAc1kM,451186,22525,186,2024-10-25T17:00:47Z,PT44S
Le château d'oignon de Philou,SQUEEZIE,https://www.youtube.com/watch?v=Od3u0_5LLxU,3225229,166294,326,2024-10-22T17:00:19Z,PT55S
Alain Chabat n'a pas compris le concept,SQUEEZIE,https://www.youtube.com/watch?v=c8S13xctIU0,3229290,127337,228,2024-10-20T16:59:51Z,PT19S
QUI EST L'IMPOSTEUR ? (ft Alain Chabat & Adèle Exarchopoulos),SQUEEZIE,https://www.youtube.com/watch?v=x7JnA8ssuqY,13635849,551746,7868,2024-10-19T17:15:46Z,PT54M45S
Il a été kidnappé pendant 7 ans...,SQUEEZIE,https://www.youtube.com/watch?v=LyDJTp4nS3w,7529883,477660,6295,2024-10-14T17:10:47Z,PT33M49S
Squeezie parle de sa calvitie,SQUEEZIE,https://www.youtube.com/watch?v=RLNR8LKTobY,946666,43924,256,2024-10-10T17:00:21Z,PT1M
Jonathan Cohen écrase Jumbo,SQUEEZIE,https://www.youtube.com/watch?v=K8jwL98JIwc,1082568,90549,121,2024-10-08T17:00:14Z,PT48S
Ils se moquent de mes tatouages,SQUEEZIE,https://www.youtube.com/watch?v=NjxCYAGnf-c,1697415,82668,187,2024-10-07T05:00:13Z,PT1M
Jonathan Cohen présente sa méthode KAIZEN,SQUEEZIE,https://www.youtube.com/watch?v=4ti1h-q_Aqk,609630,34906,130,2024-10-06T15:18:31Z,PT59S
Jonathan Cohen et Squeezie en chaussettes (ft Freddy Gladieux & Jeantou) - Micro Chaussettes #1,SQUEEZIE,https://www.youtube.com/watch?v=KXYJy9Ox4RY,5862076,214662,3129,2024-10-06T15:15:25Z,PT1H18M57S
Le deepfake de Djilsi,SQUEEZIE,https://www.youtube.com/watch?v=l71oZ62MKd0,401588,22307,40,2024-09-27T15:51:25Z,PT51S
Maxime pète un câble en plein tournage,SQUEEZIE,https://www.youtube.com/watch?v=afMhlrQwZH4,387173,26245,27,2024-09-25T18:08:37Z,PT14S
Squeezie invente une insulte pour YouTuber,SQUEEZIE,https://www.youtube.com/watch?v=mcMN1dTc-5E,1032736,63864,103,2024-09-23T09:00:45Z,PT30S
"Désactive l'IA ou elle détruira ta vie... (ft Djilsi, Billy & Maxime Biaggi)",SQUEEZIE,https://www.youtube.com/watch?v=oeJENlvGJpw,8440516,437775,4000,2024-09-22T15:29:05Z,PT39M41S
L'imposteur a craqué sous la pression,SQUEEZIE,https://www.youtube.com/watch?v=rZJgx_m07jo,678399,37989,67,2024-09-14T17:00:40Z,PT50S
La Tour Eiffel algérienne,SQUEEZIE,https://www.youtube.com/watch?v=sdrZMWfTj4o,917078,46199,897,2024-09-10T17:00:52Z,PT44S
Squeezie serait-il raciste ?!,SQUEEZIE,https://www.youtube.com/watch?v=jnUoOoUoWoA,1831818,121365,305,2024-09-08T11:45:04Z,PT51S
QUI EST L'IMPOSTEUR ? (ft Fary & Jean-Pascal Zadi),SQUEEZIE,https://www.youtube.com/watch?v=K1_LQEuw0L4,12880444,512891,7731,2024-09-07T17:39:10Z,PT48M45S
Cet agent secret français est un énorme mytho,SQUEEZIE,https://www.youtube.com/watch?v=DteuaGMck4k,7764280,371725,4601,2024-08-03T17:09:50Z,PT26M29S
Mister V est incontrôlable,SQUEEZIE,https://www.youtube.com/watch?v=yCFUAIVrUAk,1216502,69317,133,2024-07-26T18:00:30Z,PT52S
Freddy est un peu trop direct,SQUEEZIE,https://www.youtube.com/watch?v=MuGJZuTL5-w,1896537,82624,196,2024-07-24T17:00:23Z,PT28S
Squeezie désarme un cambrioleur,SQUEEZIE,https://www.youtube.com/watch?v=M2kAY-xlVb0,1205844,85058,165,2024-07-22T17:18:59Z,PT47S
"LE PIRE DATE #3 (ft Mister V, Freddy Gladieux & Théo Juice)",SQUEEZIE,https://www.youtube.com/watch?v=gBSLrZAR5sE,14887430,547019,6215,2024-07-21T12:26:02Z,PT51M1S
Elle joue à Valorant à 72 ans,SQUEEZIE,https://www.youtube.com/watch?v=4x0c_ZeQJDs,574855,39766,34,2024-07-17T17:00:02Z,PT45S
Ne faites pas vos créneaux comme Évelyne,SQUEEZIE,https://www.youtube.com/watch?v=YC_QhRzSYRo,1056007,69700,99,2024-07-15T17:00:21Z,PT54S
Squeezie se fait cancel en plein tournage,SQUEEZIE,https://www.youtube.com/watch?v=DlxRUshd41g,511034,32498,76,2024-07-13T17:59:58Z,PT40S
Il conduit à 15 ans,SQUEEZIE,https://www.youtube.com/watch?v=Vf9DI4oBOiU,1407210,113916,161,2024-07-05T17:00:44Z,PT57S
"Qui sera la meilleure génération ? (ft Djilsi, Maxime Biaggi & Billy)",SQUEEZIE,https://www.youtube.com/watch?v=x7bDk4Jvh6s,10663816,494239,7749,2024-07-04T18:54:31Z,PT49M19S
Ces parents cachaient un horrible secret...,SQUEEZIE,https://www.youtube.com/watch?v=L9HzH8v0Now,10262285,587421,10330,2024-06-28T18:29:35Z,PT37M19S
Squeezie n'aime pas les Trappistes?,SQUEEZIE,https://www.youtube.com/watch?v=ZeJqsG2r7wE,408207,18379,45,2024-06-27T17:00:20Z,PT42S
L'interrogatoire de DJ Snake,SQUEEZIE,https://www.youtube.com/watch?v=quCisV8sNcU,2325494,110914,352,2024-06-18T18:01:59Z,PT59S
"""Oh la vache !""",SQUEEZIE,https://www.youtube.com/watch?v=rmL7pzYWe0Q,2741507,182838,556,2024-06-16T11:52:36Z,PT56S
QUI EST L'IMPOSTEUR ? (ft Omar Sy & DJ Snake),SQUEEZIE,https://www.youtube.com/watch?v=k-x7rTbrtTk,14360884,681056,13339,2024-06-15T17:54:06Z,PT42M33S
GP Explorer 3 ?,SQUEEZIE,https://www.youtube.com/watch?v=dGYArVDhgO4,925986,65915,191,2024-06-10T17:00:24Z,PT52S
Pourquoi je n'ai plus répondu à Cyprien ?,SQUEEZIE,https://www.youtube.com/watch?v=SvU3wJ0WWjc,2545850,140732,386,2024-06-09T08:02:17Z,PT47S
Ce cuisinier japonais a infiltré la Corée du Nord...,SQUEEZIE,https://www.youtube.com/watch?v=ITeChD670b4,7780136,441000,6499,2024-06-07T17:44:41Z,PT25M30S
Éric et Ramzy entrent à Grévin,SQUEEZIE,https://www.youtube.com/watch?v=8eE7Fg3CS3s,332232,17672,74,2024-06-06T13:23:02Z,PT59S
Est-ce que j'ai été touché que Tibo passe premier ?,SQUEEZIE,https://www.youtube.com/watch?v=_cLt2gFDTRs,979441,65747,591,2024-06-04T17:00:21Z,PT37S
Qui a chié dans le lavabo ?,SQUEEZIE,https://www.youtube.com/watch?v=EnxQetOWRoU,2625131,179571,281,2024-06-01T17:00:12Z,PT59S
"On passe au détecteur de mensonges... (ft Djilsi, Maxime Biaggi & Gotaga)",SQUEEZIE,https://www.youtube.com/watch?v=wHgW1jU3YZc,9319783,505962,5105,2024-05-31T18:06:45Z,PT31M51S
Squeezie fait un accent raciste ?!,SQUEEZIE,https://www.youtube.com/watch?v=F4wVfaH8S-U,2508849,172835,1084,2024-05-26T12:44:05Z,PT59S
"Le jeu de l'imposteur, version Hardcore",SQUEEZIE,https://www.youtube.com/watch?v=X73UMj2_zSY,3591578,181711,424,2024-05-23T17:00:20Z,PT57S
Squeezie se fait raser le crâne ?,SQUEEZIE,https://www.youtube.com/watch?v=-LRPXtezifM,357620,23522,134,2024-05-19T09:43:07Z,PT55S
"IL Y A QUOI DERRIÈRE LA PORTE ? (ft Eric & Ramzy, Mister V)",SQUEEZIE,https://www.youtube.com/watch?v=p9sfxpgRATM,16874220,819151,20201,2024-05-18T18:55:13Z,PT57M58S
De retour sur youtube Samedi 18 Mai 🫶🏻,SQUEEZIE,https://www.youtube.com/watch?v=5ADiaN7-0NM,641511,71002,2516,2024-05-11T17:55:24Z,PT34S
Billy s'est fait piéger,SQUEEZIE,https://www.youtube.com/watch?v=z1-WSa3MzxY,1255141,77635,100,2024-05-08T17:00:40Z,PT47S
La chorégraphie de Squeezie et Seb,SQUEEZIE,https://www.youtube.com/watch?v=-IL4EmCBRzI,425999,31935,82,2024-05-05T17:00:00Z,PT47S
Je fais un cadeau au professeur,SQUEEZIE,https://www.youtube.com/watch?v=GZVlFfMLQeU,168770,10147,30,2024-05-02T17:00:12Z,PT25S
Je pense qu'Hugo s'est fait avoir,SQUEEZIE,https://www.youtube.com/watch?v=E9tO_QQypXQ,579360,41690,54,2024-04-29T17:00:08Z,PT36S
Je suis si mauvais acteur,SQUEEZIE,https://www.youtube.com/watch?v=udDWLt-C6UE,279549,22171,44,2024-04-26T17:00:39Z,PT39S
On est les Dalton,SQUEEZIE,https://www.youtube.com/watch?v=KYLzNDx29kc,961703,60417,46,2024-04-23T17:00:23Z,PT21S
Les problèmes de couple du prof,SQUEEZIE,https://www.youtube.com/watch?v=VK5rqkaUkA0,595405,37363,46,2024-04-20T17:00:29Z,PT42S
Qui aura les lunettes piégées ?,SQUEEZIE,https://www.youtube.com/watch?v=d3chiw-71sU,556854,41764,60,2024-04-17T17:00:19Z,PT16S
Maxence a un problème...,SQUEEZIE,https://www.youtube.com/watch?v=xHWSbLh1poQ,474720,26568,37,2024-04-14T17:00:27Z,PT39S
Qui va manger le piment?,SQUEEZIE,https://www.youtube.com/watch?v=hmfqaRnnaz8,529498,29888,38,2024-04-11T17:00:33Z,PT38S
On s'affronte en combat de Sumo,SQUEEZIE,https://www.youtube.com/watch?v=-pGzRv-O-6Y,185998,8899,43,2024-03-24T18:00:00Z,PT52S
Carlito devient fou pour un gâteau,SQUEEZIE,https://www.youtube.com/watch?v=-V9aLVCza-o,154994,9759,31,2024-03-21T18:00:00Z,PT46S
J'offre une boîte à cris à McFly & Carlito,SQUEEZIE,https://www.youtube.com/watch?v=hwgfAyQ1meY,1126496,88606,64,2024-03-17T18:00:18Z,PT48S
Elle est psycho-rigide,SQUEEZIE,https://www.youtube.com/watch?v=4MlLnd2-CNE,1912040,99520,196,2024-03-14T18:00:02Z,PT56S
Maghla se prend un énorme stop,SQUEEZIE,https://www.youtube.com/watch?v=me36CP89ESs,1023178,44076,100,2024-03-11T18:00:19Z,PT18S
Hugo est un sorcier,SQUEEZIE,https://www.youtube.com/watch?v=LF7JjvGc40s,369997,23250,22,2024-03-08T18:00:18Z,PT58S
Elle rigole à la pire blague,SQUEEZIE,https://www.youtube.com/watch?v=7iyWMETFCIM,867294,37505,54,2024-03-05T18:00:04Z,PT54S
Le happening légendaire de Billy,SQUEEZIE,https://www.youtube.com/watch?v=Qdusp1B-uHs,259418,13848,26,2024-03-01T18:00:18Z,PT58S
Leur complicité est incroyable,SQUEEZIE,https://www.youtube.com/watch?v=5IhXRb3XmD0,2902191,160912,264,2024-02-27T18:00:02Z,PT54S
Maxime met une clim à sa prof,SQUEEZIE,https://www.youtube.com/watch?v=WZYv5448_wQ,2178000,115534,201,2024-02-24T18:00:15Z,PT58S
Vous croyez au premier amour ?,SQUEEZIE,https://www.youtube.com/watch?v=QKFWIYxmIAs,338442,15100,130,2024-02-22T18:00:10Z,PT48S
J'arnaque mes amis,SQUEEZIE,https://www.youtube.com/watch?v=_44BHJHKffg,980086,53778,20,2024-02-20T18:00:15Z,PT46S
Mister V tabasse un enfant,SQUEEZIE,https://www.youtube.com/watch?v=fy8oyMhBDn4,86202,5040,28,2024-02-18T18:00:17Z,PT42S
Gotaga affronte sa phobie du vide,SQUEEZIE,https://www.youtube.com/watch?v=Ys4ac66UmeQ,68798,3960,23,2024-02-15T18:00:15Z,PT59S
On traverse une rivière remplie de crocodiles,SQUEEZIE,https://www.youtube.com/watch?v=Fz8645G3074,69849,4082,17,2024-02-13T18:00:06Z,PT1M
Démonstration étrange d'un Fakir,SQUEEZIE,https://www.youtube.com/watch?v=5wl4-cVpi2c,97692,4676,35,2024-02-11T18:00:06Z,PT48S
Je me fais agresser en tournage,SQUEEZIE,https://www.youtube.com/watch?v=JxCaurrYX_8,557547,45738,87,2024-02-08T18:00:10Z,PT57S
Je bloque ma main dans une tapette à souris,SQUEEZIE,https://www.youtube.com/watch?v=oRzIf_u2fyU,256920,14287,20,2024-02-06T18:00:23Z,PT50S
On énerve un chien dangereux,SQUEEZIE,https://www.youtube.com/watch?v=tAgBMs6mKOI,185894,12182,22,2024-02-04T18:00:31Z,PT56S
Il a refusé de bosser avec moi,SQUEEZIE,https://www.youtube.com/watch?v=0s1l7z4mH8k,2988435,135844,317,2024-02-02T06:00:00Z,PT19S
Horty affronte sa phobie des insectes,SQUEEZIE,https://www.youtube.com/watch?v=75r4AavP9Gk,60287,2979,21,2024-02-01T18:00:07Z,PT53S
La gestion des dramas,SQUEEZIE,https://www.youtube.com/watch?v=80Gd100ln9A,101200,5264,24,2024-02-01T06:00:04Z,PT32S
Le travail colossal de Théodort Bonnet,SQUEEZIE,https://www.youtube.com/watch?v=W_lpzLYW15Y,73936,4058,21,2024-01-31T06:00:11Z,PT51S
Une mamie pas comme les autres,SQUEEZIE,https://www.youtube.com/watch?v=CaRiXfS4t6I,1295443,84317,177,2024-01-30T18:00:05Z,PT45S
Comment on écrit un concept,SQUEEZIE,https://www.youtube.com/watch?v=4aiZHcnANks,66320,3592,6,2024-01-30T06:00:02Z,PT28S
On met la chaîne en pause,SQUEEZIE,https://www.youtube.com/watch?v=_0221Dr5_EI,432193,25922,193,2024-01-29T06:00:21Z,PT48S
Je prank mes invités sur un tournage,SQUEEZIE,https://www.youtube.com/watch?v=ddIWl9HGBQE,140872,7400,52,2024-01-28T18:00:19Z,PT56S
Il faut choisir le bon prout,SQUEEZIE,https://www.youtube.com/watch?v=_YLNvWoG0dg,190045,11024,27,2024-01-28T06:00:24Z,PT39S
Mister V gifle un géant,SQUEEZIE,https://www.youtube.com/watch?v=mrVNnY55_FE,1121482,73859,78,2024-01-25T18:00:31Z,PT40S
J'affronte ma thalassophobie,SQUEEZIE,https://www.youtube.com/watch?v=R_kMQcQ7Qww,417226,23724,108,2024-01-23T18:00:34Z,PT59S
"La dernière avant un moment, merci ❤️",SQUEEZIE,https://www.youtube.com/watch?v=HGu1t7cvP38,5438724,281595,10735,2024-01-22T19:21:54Z,PT1H3M37S
Hakim se fait avoir par un mentaliste,SQUEEZIE,https://www.youtube.com/watch?v=DIbq-Sjs7rw,1612794,79378,155,2024-01-21T18:00:10Z,PT59S
Le flop de Maxence,SQUEEZIE,https://www.youtube.com/watch?v=-mzb9UaEx40,724737,40259,33,2024-01-18T18:00:00Z,PT43S
Billy ne doit pas exploser le pétard,SQUEEZIE,https://www.youtube.com/watch?v=w0RrkckgpNY,895397,48689,57,2024-01-16T18:00:27Z,PT56S
Joyca fait de la lutte,SQUEEZIE,https://www.youtube.com/watch?v=GRTRoMkFyG4,542213,36839,50,2024-01-14T18:00:09Z,PT36S
Mon entrée est légendaire,SQUEEZIE,https://www.youtube.com/watch?v=XgajF3vwJ94,146489,13189,46,2024-01-11T18:00:24Z,PT23S
QUI EST LE MEURTRIER ? #2 (Murder IRL),SQUEEZIE,https://www.youtube.com/watch?v=7_60w7T1Oak,9891425,485892,7532,2024-01-10T17:06:30Z,PT52M58S
Qui a mis la pièce dans le cadis ?,SQUEEZIE,https://www.youtube.com/watch?v=wDQxJgJ8Nmg,400786,27980,17,2024-01-09T18:00:34Z,PT54S
J'ai tellement honte...,SQUEEZIE,https://www.youtube.com/watch?v=S-OShPTdfds,230040,20737,27,2024-01-07T18:00:11Z,PT34S
Je me fais intimider,SQUEEZIE,https://www.youtube.com/watch?v=k_OdGeu2KFs,735835,38878,76,2024-01-05T18:00:22Z,PT48S
Théodort tombe amoureux d'une comédienne,SQUEEZIE,https://www.youtube.com/watch?v=tn3il6_4Lf4,1048087,64699,62,2024-01-04T18:00:22Z,PT55S
Je suis fan des Jones,SQUEEZIE,https://www.youtube.com/watch?v=J16A3RwJvvw,153184,11584,19,2024-01-03T18:00:10Z,PT56S
J'ai pris une bonne décision !,SQUEEZIE,https://www.youtube.com/watch?v=O_15VtBah5o,854315,30153,77,2024-01-02T18:00:14Z,PT15S
"Mister V, le catcheur Squeezos",SQUEEZIE,https://www.youtube.com/watch?v=D_yfZ4cJci8,916400,57513,51,2023-12-30T18:00:07Z,PT59S
Les foufous de Sochaux,SQUEEZIE,https://www.youtube.com/watch?v=U-8qZ5e_pg0,1471612,122556,148,2023-12-28T18:00:13Z,PT1M
Maxime a leak toutes mes infos,SQUEEZIE,https://www.youtube.com/watch?v=6QYw9bDQHRc,3669512,241294,288,2023-12-26T18:00:02Z,PT1M
Seb se fait enterrer vivant,SQUEEZIE,https://www.youtube.com/watch?v=6IEI0-P7Ccg,92128,5823,22,2023-12-25T18:00:05Z,PT56S
"LE PIRE DATE #2 (ft Seb, Joyca & Maghla)",SQUEEZIE,https://www.youtube.com/watch?v=diQy-K12utA,15126911,573421,8584,2023-12-22T19:00:42Z,PT52M45S
Freddy réveille le bébé,SQUEEZIE,https://www.youtube.com/watch?v=UphhQH5QWVc,125176,7611,16,2023-12-22T18:00:14Z,PT55S
Bigflo se trouve moche ?,SQUEEZIE,https://www.youtube.com/watch?v=oqeMTmLvQqo,519983,38517,52,2023-12-21T18:00:31Z,PT40S
Bienvenue au PP Explorer,SQUEEZIE,https://www.youtube.com/watch?v=F0NVyzkB1Nc,351931,22790,32,2023-12-19T18:00:08Z,PT1M
Connaissez-vous Seb le 3afrit ?,SQUEEZIE,https://www.youtube.com/watch?v=xLUzCCqEHFY,2278584,159378,205,2023-12-18T18:00:34Z,PT51S
La série documentaire arrive le 19 Janvier sur Prime Video,SQUEEZIE,https://www.youtube.com/watch?v=BXcGRYTcwoI,826633,81328,301,2023-12-17T12:07:03Z,PT31S
Les célébrités de Wish,SQUEEZIE,https://www.youtube.com/watch?v=WYXq0HBf_D4,3504608,185100,133,2023-12-15T18:00:15Z,PT52S
Ils ont mis toutes mes affaires aux enchères,SQUEEZIE,https://www.youtube.com/watch?v=nWfFICJeWxc,433909,27908,40,2023-12-14T18:00:32Z,PT55S
J'ai mis la mère de Billy dans un canon,SQUEEZIE,https://www.youtube.com/watch?v=wG7DzwGG4PU,87976,7857,22,2023-12-12T18:00:33Z,PT59S
On a eu mal pour lui,SQUEEZIE,https://www.youtube.com/watch?v=9DdmxE77i5k,677002,45895,149,2023-12-10T18:00:07Z,PT58S
Maxime s'est fait draguer par la meuf de son pote,SQUEEZIE,https://www.youtube.com/watch?v=6wbwd_-dIOQ,1849211,91733,145,2023-12-10T11:00:05Z,PT48S
Maxime s'endort pendant mon anecdote,SQUEEZIE,https://www.youtube.com/watch?v=97Dz5KAtd88,495561,23240,27,2023-12-09T18:00:04Z,PT47S
48h pour assembler et faire décoller un Lego Concorde (ft Djilsi & Maxime Biaggi),SQUEEZIE,https://www.youtube.com/watch?v=YiVGa-svZco,8152833,363890,4520,2023-12-08T17:32:35Z,PT1H19M49S
Le complice de Squeezie casse Naza en deux,SQUEEZIE,https://www.youtube.com/watch?v=L6FuFcnYndo,4347528,261544,281,2023-12-07T18:00:10Z,PT51S
L'ultime trahison d'Eric et Ramzy,SQUEEZIE,https://www.youtube.com/watch?v=SnPfHzF_8jk,1495649,103207,120,2023-12-05T18:00:12Z,PT39S
Méfiez-vous de Krono...,SQUEEZIE,https://www.youtube.com/watch?v=3LGQBpokbA0,103559,7431,19,2023-12-03T18:00:04Z,PT48S
Léna ne reconnaît plus ses amis...,SQUEEZIE,https://www.youtube.com/watch?v=mJfWgoLQKaI,637848,45785,60,2023-11-30T18:00:32Z,PT33S
C'est un MENTEUR !,SQUEEZIE,https://www.youtube.com/watch?v=94OHuf4hRa4,2760862,135477,275,2023-11-28T18:00:04Z,PT26S
Il faut bannir ces traditions de Noël...,SQUEEZIE,https://www.youtube.com/watch?v=yHTJ-4jCF9M,6346985,383766,5239,2023-11-26T13:07:41Z,PT20M40S
Djilsi a vraiment eu chaud,SQUEEZIE,https://www.youtube.com/watch?v=36CIKvp8e5M,714244,64290,142,2023-11-25T18:00:01Z,PT30S
La tentative d'hypnose ratée sur Jonathan Cohen,SQUEEZIE,https://www.youtube.com/watch?v=wsaKJVs0OzY,113015,7774,15,2023-11-23T18:00:35Z,PT51S
Qui est le vrai Maître Kébabier ?,SQUEEZIE,https://www.youtube.com/watch?v=r_OQMhwLZX0,10909563,423143,492,2023-11-21T18:00:23Z,PT1M
Elle ne reconnaît pas sa complice,SQUEEZIE,https://www.youtube.com/watch?v=BU3hv_uXmSg,4163010,244435,290,2023-11-20T18:00:05Z,PT50S
Le deal à 50000,SQUEEZIE,https://www.youtube.com/watch?v=-_aNRDbKFFg,7787839,473373,843,2023-11-19T18:00:00Z,PT35S
Ce dictateur a vraiment existé et on dirait une blague,SQUEEZIE,https://www.youtube.com/watch?v=A0rJNx4lGDo,8557578,404587,4378,2023-11-19T17:44:52Z,PT23M26S
Squeezie chiasse ??,SQUEEZIE,https://www.youtube.com/watch?v=rCs_AUws7oQ,435371,34378,22,2023-11-16T18:00:34Z,PT40S
QUI EST L'IMPOSTEUR ? (ft Marion Cotillard & Camille Cottin),SQUEEZIE,https://www.youtube.com/watch?v=xG-Ef4ig07I,14802016,547525,9171,2023-11-15T17:25:44Z,PT53M4S
Qui est le vrai marionnettiste ?,SQUEEZIE,https://www.youtube.com/watch?v=Z0dmuOZ0Rto,2506217,161481,89,2023-11-14T18:00:29Z,PT59S
Squeezie confronte un garde du corps très imposant,SQUEEZIE,https://www.youtube.com/watch?v=Wq86bcNMM_A,1930300,115842,164,2023-11-12T18:00:15Z,PT1M
"Qui nous cache quelque chose ? #3 (ft Theodort, Soso Maness & Maskey)",SQUEEZIE,https://www.youtube.com/watch?v=rntZOALPknU,7388874,387046,3597,2023-11-12T17:40:37Z,PT30M15S
Max est un vrai acteur,SQUEEZIE,https://www.youtube.com/watch?v=uIa8-_vONmA,236874,14741,34,2023-11-09T18:00:33Z,PT9S
Qui est la vraie Cowgirl ?,SQUEEZIE,https://www.youtube.com/watch?v=Wr-sgrVWgXY,3870031,222207,170,2023-11-07T18:00:14Z,PT1M
Orelsan démonte la fausse invention de la complice de Squeezie 😂,SQUEEZIE,https://www.youtube.com/watch?v=oCpuSB-mVSc,4972312,249945,1290,2023-11-05T18:00:25Z,PT1M
Ca aurait pu être le dernier tournage de Vald,SQUEEZIE,https://www.youtube.com/watch?v=2dUEseaAnLw,2132624,130950,117,2023-11-02T18:00:01Z,PT1M
Qui est la vraie Drag Queen ?,SQUEEZIE,https://www.youtube.com/watch?v=U73uutGJDQ8,2936456,159567,1100,2023-10-31T18:00:22Z,PT1M
N'acceptez pas son invitation... (Thread Horreur Halloween),SQUEEZIE,https://www.youtube.com/watch?v=qSUE11N1GPM,10320845,563423,13928,2023-10-31T17:24:07Z,PT25M45S
Qui a la tête de Sofyan dans sa boîte ?,SQUEEZIE,https://www.youtube.com/watch?v=Jsp-Bf_0Az8,2139457,139183,143,2023-10-29T18:00:06Z,PT1M
Impossible de ne pas rire à ça,SQUEEZIE,https://www.youtube.com/watch?v=ZLCHMqAJIcM,1958284,106053,230,2023-10-26T17:00:21Z,PT40S
On lui fait un tatouage honteux...,SQUEEZIE,https://www.youtube.com/watch?v=2eGBnPRmiv4,4736999,276827,359,2023-10-24T17:00:02Z,PT54S
Lequel soulève une fausse haltère ?,SQUEEZIE,https://www.youtube.com/watch?v=R88nLIDFj4w,4402077,253461,202,2023-10-22T17:00:15Z,PT40S
Cet incroyable enquêteur n'avait pas de mains,SQUEEZIE,https://www.youtube.com/watch?v=7_aMqjzcUfY,6871130,355066,3170,2023-10-22T16:36:22Z,PT22M5S
Seb est debout sur un avion en plein vol,SQUEEZIE,https://www.youtube.com/watch?v=c1NwycSipnY,1985012,141531,278,2023-10-20T17:00:24Z,PT26S
Elle prend un bain avec des insectes,SQUEEZIE,https://www.youtube.com/watch?v=aD9pYSm_Gzc,187511,13796,54,2023-10-18T17:00:02Z,PT18S
QUI EST LE MEURTRIER ? (Murder IRL),SQUEEZIE,https://www.youtube.com/watch?v=9aq2N6NyjyQ,15419630,722347,13761,2023-10-15T18:12:39Z,PT53M53S
Joyca se jette de la vodka dans les yeux,SQUEEZIE,https://www.youtube.com/watch?v=Mj0PnpeWxwU,7558175,495697,551,2023-10-15T17:00:17Z,PT1M
On l'avait tous cramé 🤣,SQUEEZIE,https://www.youtube.com/watch?v=WO0z3mo5s3g,1617285,125489,92,2023-10-12T17:00:31Z,PT46S
Sylvain s'est cru dans Mario Kart,SQUEEZIE,https://www.youtube.com/watch?v=TX01H0pfyi0,1297282,85673,173,2023-10-10T17:00:28Z,PT27S
Merci pour ce GP Explorer 2,SQUEEZIE,https://www.youtube.com/watch?v=BZkM6THXPAk,506777,46527,198,2023-10-10T05:00:05Z,PT37S
"S'entraîner pour le GP, ou jouer à Smash..?",SQUEEZIE,https://www.youtube.com/watch?v=NnZ279PaRZk,402977,38878,96,2023-10-09T17:00:20Z,PT50S
Le trophée a failli assommer Jonathan Cohen,SQUEEZIE,https://www.youtube.com/watch?v=7hmj2N8yJ3g,1256642,94490,119,2023-10-08T17:00:05Z,PT32S
1 an pour préparer le plus gros projet de ma vie,SQUEEZIE,https://www.youtube.com/watch?v=wutdecDrFEs,4408184,286502,4675,2023-10-08T15:47:45Z,PT46M9S
McFly & Carlito nous pètent dessus,SQUEEZIE,https://www.youtube.com/watch?v=-sL_4qWYQfg,1884659,127105,187,2023-10-06T17:00:01Z,PT50S
Batman s'est fait bannir par Gotaga,SQUEEZIE,https://www.youtube.com/watch?v=UPYI_F1d2kc,1220285,88967,114,2023-10-03T17:00:14Z,PT59S
Squeezie prend le métro,SQUEEZIE,https://www.youtube.com/watch?v=J8uB2ZoBUgM,3908426,267954,665,2023-10-01T17:00:16Z,PT20S
"Le problème, c'est ma taille...",SQUEEZIE,https://www.youtube.com/watch?v=pG4lwSFJPvE,2543078,157336,185,2023-09-27T17:00:36Z,PT51S
Squeezie : gentil ou méchant ?,SQUEEZIE,https://www.youtube.com/watch?v=2xaYWjv0z78,1543230,121427,208,2023-09-25T17:00:02Z,PT59S
Des abonnés débarquent pour me demander des autographes,SQUEEZIE,https://www.youtube.com/watch?v=ggGphZTKYeo,1393346,111142,178,2023-09-22T17:00:25Z,PT59S
Le pire golfeur de l'histoire est génial,SQUEEZIE,https://www.youtube.com/watch?v=ebe46p_ULao,7024456,393789,5173,2023-09-21T17:28:20Z,PT22M14S
Cet échange est lunaire,SQUEEZIE,https://www.youtube.com/watch?v=8uRC7QjyX7Y,5062273,231539,518,2023-09-20T17:00:08Z,PT59S
Il a été obligé de détourner un avion,SQUEEZIE,https://www.youtube.com/watch?v=SdLzd68EC4M,6836649,440750,5487,2023-09-06T16:41:19Z,PT21M15S
Il est censé illustrer les consignes avec des gestes 😭,SQUEEZIE,https://www.youtube.com/watch?v=bjYz92nHDwc,1240133,86362,186,2023-08-27T18:00:12Z,PT40S
Un pompier nous raconte une intervention improbable,SQUEEZIE,https://www.youtube.com/watch?v=A3-HKF1d_mw,902253,66077,115,2023-08-27T16:00:09Z,PT37S
On est convoqués chez la CPE,SQUEEZIE,https://www.youtube.com/watch?v=Q8Vx1W34aOQ,2799554,191566,336,2023-08-26T17:36:04Z,PT58S
QUI EST L'IMPOSTEUR ? (ft Charles Leclerc & Pierre Gasly),SQUEEZIE,https://www.youtube.com/watch?v=JfBW1szd4qc,15969769,690772,12223,2023-08-26T17:07:40Z,PT47M4S
ON OFFRE 100.000€ DE VOYAGE AUX SQUEEZOS ❤️,SQUEEZIE,https://www.youtube.com/watch?v=IvnFb0ti1SA,7269238,466351,8958,2023-07-31T16:16:46Z,PT38M53S
"LE PIRE DATE (ft Djilsi, Théodort & Maxime Biaggi)",SQUEEZIE,https://www.youtube.com/watch?v=mqBn7jJ_p08,28703879,862197,16415,2023-07-23T17:59:18Z,PT57M43S
"Le meilleur duo évite la prison #3 (ft Hakim Jemili, HugoDécrypte & Fadily Camara)",SQUEEZIE,https://www.youtube.com/watch?v=Ybk8BrTmwPg,8518092,362891,6080,2023-07-03T17:44:14Z,PT41M55S
Il a ridiculisé toute la police de son pays,SQUEEZIE,https://www.youtube.com/watch?v=l5m_C3WP9nU,8128944,447621,6025,2023-06-26T16:49:34Z,PT18M13S
N'allez pas à ces évènements...,SQUEEZIE,https://www.youtube.com/watch?v=woiFO4o3CXI,7072977,363828,4679,2023-06-18T18:09:37Z,PT19M33S
"Ils nous ont insulté en ligne, on les confronte IRL #2 (ft JDG, Mister MV)",SQUEEZIE,https://www.youtube.com/watch?v=VmU_Qu7DBbg,8620801,423648,7942,2023-06-13T17:36:33Z,PT32M32S
"Qui nous cache quelque chose ? #2 (ft Billy, Djilsi & Maxime Biaggi)",SQUEEZIE,https://www.youtube.com/watch?v=mBjGWk_A1bE,14196293,565487,6214,2023-05-29T17:04:41Z,PT37M47S
Ces émissions n'auraient jamais dû exister...,SQUEEZIE,https://www.youtube.com/watch?v=GBMrMZd_7Ec,8221689,412150,4334,2023-05-24T17:03:49Z,PT20M33S
QUI EST L'IMPOSTEUR ? (ft Jérôme Niel & Panayotis Pascot),SQUEEZIE,https://www.youtube.com/watch?v=WAeqwwWxq_k,14018740,500486,5893,2023-05-15T17:33:30Z,PT42M1S
Les pires idées des scientifiques...,SQUEEZIE,https://www.youtube.com/watch?v=_i2obqmj6vY,7538343,379880,4784,2023-05-07T14:47:26Z,PT19M16S
"Le meilleur duo évite la prison #2 (ft mon frère, Bigflo & Oli)",SQUEEZIE,https://www.youtube.com/watch?v=ypT5BGms-Z4,13023506,481403,6052,2023-04-30T16:48:52Z,PT45M42S
"Ils nous ont insulté en ligne, on les confronte IRL (ft Gotaga, Kameto)",SQUEEZIE,https://www.youtube.com/watch?v=UbFOU_XR85E,13411524,652548,13520,2023-04-17T17:06:17Z,PT36M59S
Tout commence ici : début d'une nouvelle aventure,SQUEEZIE,https://www.youtube.com/watch?v=1_pfrz4EAyQ,2324622,220571,6268,2023-04-13T17:14:01Z,PT1M48S
Ce prêtre mène une double vie incroyable,SQUEEZIE,https://www.youtube.com/watch?v=okKBQ1Gp5pQ,4669451,383280,4600,2023-04-10T17:13:36Z,PT17M18S
QUI EST L'IMPOSTEUR ? (ft Pierre Niney & François Civil),SQUEEZIE,https://www.youtube.com/watch?v=dWbPdqns5Xk,21205198,671849,9942,2023-04-05T17:48:48Z,PT45M20S
Ces marques sont allées trop loin...,SQUEEZIE,https://www.youtube.com/watch?v=hAKdXopG31M,9535663,478457,6259,2023-03-29T17:02:11Z,PT20M16S
"T'es pas drôle, tu sors (ft Joyca, Maxenss)",SQUEEZIE,https://www.youtube.com/watch?v=0o4_-8LQOjk,11578968,522306,8039,2023-03-21T17:50:22Z,PT28M52S
QUI EST L'IMPOSTEUR ? (ft SCH & Soso Maness),SQUEEZIE,https://www.youtube.com/watch?v=6XGj35f-row,16759934,605940,7956,2023-03-12T11:43:33Z,PT44M6S
"Le meilleur duo évite la prison  (ft Mister V, Léna, Theo Juice)",SQUEEZIE,https://www.youtube.com/watch?v=N-TCJquxeFk,23220828,749193,9956,2023-03-05T14:38:01Z,PT56M17S
Elle a fait une sombre découverte... (4 vraies histoires d'horreur),SQUEEZIE,https://www.youtube.com/watch?v=r67zVQK7zE0,9253748,414694,6397,2023-02-22T17:49:02Z,PT28M2S
Il a fait exploser le casino qui l'a ruiné,SQUEEZIE,https://www.youtube.com/watch?v=3kRyQsFRj3E,8175379,429583,3521,2023-02-15T18:12:15Z,PT17M23S
La maman de Billy se fait canoniser,SQUEEZIE,https://www.youtube.com/watch?v=3iYs5xb8sxY,1098504,78513,260,2023-02-13T18:47:28Z,PT59S
Eric et Ramzy découvrent le métier d'ombroman,SQUEEZIE,https://www.youtube.com/watch?v=A4z11EeRqzw,3185588,184426,735,2023-02-06T17:56:40Z,PT49S
QUI EST L'IMPOSTEUR ? (ft Eric & Ramzy),SQUEEZIE,https://www.youtube.com/watch?v=J1Z1A46FknM,37035243,1006122,23658,2023-02-05T17:50:12Z,PT57M20S
Jonathan Cohen se fait hypnotiser...,SQUEEZIE,https://www.youtube.com/watch?v=NyCSBFYQMjY,3880922,219424,442,2023-02-02T16:25:25Z,PT51S
"Qui nous cache quelque chose ? (ft Léna, Sofyan & KronoMuzik)",SQUEEZIE,https://www.youtube.com/watch?v=XwJ_PLPy0mM,10751217,461238,4145,2023-01-28T16:33:04Z,PT41M54S
Trei Degete - Spaceship (ft Zlod & Cheb Funky),SQUEEZIE,https://www.youtube.com/watch?v=UttN7zw3m48,7860640,443005,14749,2023-01-19T17:00:42Z,PT4M23S
Elles sont tombées dans un piège sinistre... (4 vraies histoires d'horreur),SQUEEZIE,https://www.youtube.com/watch?v=4WJa_TA979I,9415343,422768,7459,2023-01-14T16:59:02Z,PT32M57S
QUI EST L'IMPOSTEUR ?  (ft Vald & Naza),SQUEEZIE,https://www.youtube.com/watch?v=dHqmN-5jVKY,16622594,636991,8520,2023-01-07T19:19:15Z,PT43M18S
L'accident de voiture de Squeezie,SQUEEZIE,https://www.youtube.com/watch?v=EkMqOo_2SoM,1741005,120467,1060,2023-01-03T16:25:15Z,PT42S
Ils ont passé la pire soirée de leur vie,SQUEEZIE,https://www.youtube.com/watch?v=uyU9LFoqNK0,7253164,417492,3406,2022-12-30T18:35:17Z,PT16M14S
On Affronte Nos Plus Grandes Peurs (Version Extrême),SQUEEZIE,https://www.youtube.com/watch?v=r3C15MdCdz4,8547102,511225,9681,2022-12-23T19:12:14Z,PT33M8S
"Y'A QUOI DERRIÈRE LA PORTE ? LA REVANCHE (ft Seb, Amine, Billy)",SQUEEZIE,https://www.youtube.com/watch?v=B49CLJWS5Zw,12143963,593174,7462,2022-12-17T20:20:29Z,PT46M46S
Le plus grand imposteur de l'histoire,SQUEEZIE,https://www.youtube.com/watch?v=8jluurK-E6U,8885152,488627,5043,2022-12-07T18:28:52Z,PT16M16S
"QUI AURA L'OBJET PIÉGÉ ? #3 (ft Seb, Joyca, Sofyan)",SQUEEZIE,https://www.youtube.com/watch?v=lLrBMt6Msx0,14864918,571859,4101,2022-12-02T17:53:33Z,PT31M9S
"QUI EST L'IMPOSTEUR ? #5 (ft Clara Luciani, Laura Felpin)",SQUEEZIE,https://www.youtube.com/watch?v=7Xsq3pUMwGA,15183682,540162,7962,2022-11-27T11:43:11Z,PT40M34S
Il a enfermé des humains pour en faire un zoo,SQUEEZIE,https://www.youtube.com/watch?v=rcv9fG9s1oY,8052801,396490,3581,2022-11-18T18:28:06Z,PT19M39S
L'histoire du projet le plus fou de ma vie,SQUEEZIE,https://www.youtube.com/watch?v=CmgyUYCibwA,9702129,682442,17136,2022-11-13T15:11:31Z,PT50M26S
Il s'est retrouvé face à un tueur... (4 vraies histoires d'horreur),SQUEEZIE,https://www.youtube.com/watch?v=RlSygjQZdo4,10679779,458278,8615,2022-11-06T16:39:34Z,PT29M43S
'WHO' mon 1er court-métrage d'horreur,SQUEEZIE,https://www.youtube.com/watch?v=J-chV2ojEz4,5134833,402850,19509,2022-10-31T18:31:43Z,PT12M6S
"QUI AURA L'OBJET PIÉGÉ ? #2 (ft Léna, Maxence, Freddy)",SQUEEZIE,https://www.youtube.com/watch?v=XrruklOv8X0,14068725,604449,5214,2022-10-27T17:43:37Z,PT34M3S
Ce film était une très mauvaise idée... (70 blessés),SQUEEZIE,https://www.youtube.com/watch?v=K8hJYEFQusA,8039608,467542,3939,2022-10-23T17:02:09Z,PT17M53S
QUI EST L'IMPOSTEUR ? #4 (ft Orelsan & Clément Cotentin),SQUEEZIE,https://www.youtube.com/watch?v=iC2i9n00C68,20956989,800531,10926,2022-10-15T11:06:52Z,PT54M55S
"QUI EST L'IMPOSTEUR ? #3 (ft Jamel Debbouze, Alice Belaïdi)",SQUEEZIE,https://www.youtube.com/watch?v=1L3QHcv_DB4,21265478,703045,9125,2022-10-10T16:17:55Z,PT45M55S
"Ils ont vécu une VRAIE histoire d'horreur (ft Sofyan, Kim, Clotaire)",SQUEEZIE,https://www.youtube.com/watch?v=mozyXsZJnQ4,12083496,534548,8980,2022-10-02T16:47:16Z,PT34M4S
"Y'A QUOI DERRIÈRE LA PORTE ? (ft Seb, Amine, Billy)",SQUEEZIE,https://www.youtube.com/watch?v=MzAvO_ZJaHg,15732476,936946,9441,2022-09-25T12:10:14Z,PT50M23S
Vous ne serez JAMAIS tranquilles,SQUEEZIE,https://www.youtube.com/watch?v=BVBbiRRno0s,8396280,494472,5185,2022-09-20T17:36:55Z,PT10M36S
Elle lui a laissé aucune chance,SQUEEZIE,https://www.youtube.com/watch?v=dFhlR19t5zM,7625458,524266,9016,2022-09-14T17:49:30Z,PT16M52S
"On a un problème (F.A.Q., nude, DJ, tortue...)",SQUEEZIE,https://www.youtube.com/watch?v=wlBWMSv7EcY,6942566,511611,8573,2022-09-07T17:29:41Z,PT15M51S
"LE PLUS GRAND OÙ EST CHARLIE DU MONDE #2 (ft Inoxtag, Maskey, Michou)",SQUEEZIE,https://www.youtube.com/watch?v=coWT9YsAAC0,12566922,593781,10145,2022-08-30T16:51:06Z,PT30M48S
Il s'est enfermé là-dedans et c'était une mauvaise idée,SQUEEZIE,https://www.youtube.com/watch?v=H3-f6kjZ2wI,7961357,477678,5279,2022-08-22T16:19:46Z,PT15M32S
il ne faut surtout pas la croiser…,SQUEEZIE,https://www.youtube.com/watch?v=tD2gAkx80yY,9993468,495428,8578,2022-08-15T16:56:48Z,PT15M4S
"QUI EST L'IMPOSTEUR ? #2 (ft Djimo, Roman Frayssinet)",SQUEEZIE,https://www.youtube.com/watch?v=9dsU_b3ZBd4,25028063,749155,11346,2022-08-08T15:58:12Z,PT54M28S
J'ai pu acheter ça sur internet,SQUEEZIE,https://www.youtube.com/watch?v=6BkxlsDQUrg,7271276,425853,7483,2022-08-02T16:47:56Z,PT16M39S
"Si vous l’apercevez, vous êtes sauvé",SQUEEZIE,https://www.youtube.com/watch?v=_5FRoDaNZ9w,7213311,487999,6193,2022-07-26T16:42:12Z,PT17M11S
"QUI AURA L'OBJET PIÉGÉ ? (ft Billy, Maskey, Hugo)",SQUEEZIE,https://www.youtube.com/watch?v=tRDCFwgcN0s,18147776,722357,6279,2022-07-20T16:26:33Z,PT27M15S
n’empruntez jamais ce tunnel…,SQUEEZIE,https://www.youtube.com/watch?v=LDVxbrEP3X8,9805401,504312,9022,2022-07-15T16:02:33Z,PT15M19S
"le plus ""gentil"" criminel du monde",SQUEEZIE,https://www.youtube.com/watch?v=1vcJYZnKpOo,9097296,540333,7671,2022-07-07T16:56:38Z,PT16M3S
CACHE-CACHE VERSION LÉGENDAIRE,SQUEEZIE,https://www.youtube.com/watch?v=xDnXwQD8uq8,11953990,644290,9404,2022-07-01T15:58:05Z,PT38M24S
Vous allez rire et vous regretterez,SQUEEZIE,https://www.youtube.com/watch?v=mYfP4SemXcI,12308223,509381,6642,2022-06-25T16:20:39Z,PT12M1S
Ils se sont retrouvés dans un énorme bourbier,SQUEEZIE,https://www.youtube.com/watch?v=W-Xk4ZUW-ko,9924261,586619,10165,2022-06-18T16:59:39Z,PT14M58S
ne touchez pas à ses affaires...,SQUEEZIE,https://www.youtube.com/watch?v=g9S2JrvftrY,11887157,533999,8176,2022-06-12T16:55:45Z,PT16M5S
Squeezie - Canard (Clip Officiel),SQUEEZIE,https://www.youtube.com/watch?v=vbGtni1d96A,8817801,417047,11852,2022-06-08T16:42:51Z,PT2M42S
"QUI EST L'IMPOSTEUR ? (ft Mister V, Jonathan Cohen)",SQUEEZIE,https://www.youtube.com/watch?v=QrqVKAPHZjM,30365165,880170,10126,2022-06-05T15:43:35Z,PT41M4S
"L'ACADÉMIE DES CANCRES #4 (ft Seb, Natoo, Maxenss)",SQUEEZIE,https://www.youtube.com/watch?v=0M78v2W-IKk,11575768,522102,6334,2022-05-30T16:45:00Z,PT31M7S
On essaye des objets étranges #5,SQUEEZIE,https://www.youtube.com/watch?v=FsW1FZmUvlc,10499689,581724,8292,2022-05-23T16:30:59Z,PT14M30S
ils auraient dû rester en vie et pourtant...,SQUEEZIE,https://www.youtube.com/watch?v=BKZZ64rl5Ws,9400599,513557,6139,2022-05-16T17:06:36Z,PT17M13S
On dévoile nos pires secrets,SQUEEZIE,https://www.youtube.com/watch?v=i4yTQG1jYkY,10115656,527198,4799,2022-05-11T16:26:33Z,PT29M
ok cette fois ils m'ont eu,SQUEEZIE,https://www.youtube.com/watch?v=xUZnN_7Xzlk,8222016,504406,6434,2022-05-04T15:23:58Z,PT11M8S
On a fait le plus grand où est Charlie du monde (ouéskilé),SQUEEZIE,https://www.youtube.com/watch?v=LBraVzyYDKg,12977938,737448,12587,2022-04-27T16:50:40Z,PT34M22S
n'allez jamais seul dans une forêt...,SQUEEZIE,https://www.youtube.com/watch?v=nfWitbsfDdo,12806298,519997,9785,2022-04-23T17:15:05Z,PT19M23S
Ne réservez pas une chambre dans cet hôtel (Thread Horreur IRL #2),SQUEEZIE,https://www.youtube.com/watch?v=85Nhe9NGZL0,13347495,544387,12677,2022-04-14T16:00:20Z,PT47M53S
Squeezie - Adieu les filles,SQUEEZIE,https://www.youtube.com/watch?v=BTOVgWjUoDo,12707453,450573,18243,2022-04-07T17:09:17Z,PT2M17S
on fait un clip avec 56€ et un doliprane,SQUEEZIE,https://www.youtube.com/watch?v=bsvE1HZ1fjU,4484554,273131,2904,2022-04-06T17:48:42Z,PT13M23S
ils auraient dû tous y passer à cause de lui,SQUEEZIE,https://www.youtube.com/watch?v=8ylImhyK9tg,7897639,438577,4290,2022-03-26T17:35:42Z,PT15M13S
pensez à regarder sous votre lit...,SQUEEZIE,https://www.youtube.com/watch?v=OphlzopH7Jc,11791156,529519,10491,2022-03-20T17:45:22Z,PT18M33S
ESSAYEZ DE RESTER CALME #3,SQUEEZIE,https://www.youtube.com/watch?v=XMgly7aQyKI,6089663,370646,4066,2022-03-13T19:05:37Z,PT22M32S
il a volé 30 millions d'euros et a disparu,SQUEEZIE,https://www.youtube.com/watch?v=BVd1uSjU_Ss,10685631,523861,5422,2022-03-07T18:28:46Z,PT16M9S
"ne réveillez pas le bébé #2 (ft Mister V, Freddy Gladieux, Luciole)",SQUEEZIE,https://www.youtube.com/watch?v=kheN6NeQoBw,11521684,555184,5800,2022-03-01T17:27:05Z,PT14M26S
j'ai trouvé mon âme sœur grâce à ça,SQUEEZIE,https://www.youtube.com/watch?v=miI6EEypbcg,6218664,432052,6773,2022-02-22T18:28:48Z,PT16M3S
on affronte les plus grandes peurs de l'humanité,SQUEEZIE,https://www.youtube.com/watch?v=72mo70CeSHE,10009362,680642,13899,2022-02-16T17:59:12Z,PT28M30S
ne dormez pas dans son hôtel,SQUEEZIE,https://www.youtube.com/watch?v=FZn5S0fv4_U,9982215,501413,9590,2022-02-10T17:57:31Z,PT16M29S
il cache quelque chose dans sa voiture...,SQUEEZIE,https://www.youtube.com/watch?v=7Rly2l39MIw,11339585,539256,8277,2022-02-02T18:23:45Z,PT17M6S
"Essayez de ne pas rire édition IRL (ft Jonathan Cohen, Hakim Jemili)",SQUEEZIE,https://www.youtube.com/watch?v=z_B5WT_vOs0,13578219,594436,6574,2022-01-28T18:40:27Z,PT15M12S
ce scientifique a complètement vrillé,SQUEEZIE,https://www.youtube.com/watch?v=U0KgC8fLG8Q,8632530,476583,7077,2022-01-21T18:50:14Z,PT16M27S
ça a mal fini pour eux :/,SQUEEZIE,https://www.youtube.com/watch?v=3SxLhxDzTcU,9337439,503398,7885,2022-01-14T18:45:09Z,PT10M26S
cette affaire non résolue m’a rendu fou,SQUEEZIE,https://www.youtube.com/watch?v=GBgX9wL8eQ0,10072041,513916,9249,2022-01-05T17:53:33Z,PT15M21S
ne nagez pas dans ce lac…,SQUEEZIE,https://www.youtube.com/watch?v=X2h4i2I9HUQ,10741923,547932,9261,2021-12-28T18:06:50Z,PT16M47S
on présente des objets incroyables,SQUEEZIE,https://www.youtube.com/watch?v=2FOv1v8b4SU,7584816,415534,5238,2021-12-22T18:09:54Z,PT18M1S
Ce perroquet a résolu un meurtre,SQUEEZIE,https://www.youtube.com/watch?v=Z7sBcwKRkXQ,4679407,430049,2168,2021-12-19T14:47:51Z,PT55S
leurs cadeaux sont catastrophiques,SQUEEZIE,https://www.youtube.com/watch?v=HjPnR8jQ3_k,9643702,500696,7405,2021-12-16T18:16:22Z,PT11M38S
Joyca se fait atomiser,SQUEEZIE,https://www.youtube.com/watch?v=eaUrflHO6jA,5452755,328154,765,2021-12-13T17:07:55Z,PT17S
"ne réveillez pas le bébé (ft Joyca, Amine, Billy)",SQUEEZIE,https://www.youtube.com/watch?v=JLNwWY_rHXI,15806340,672852,7076,2021-12-11T18:00:25Z,PT20M34S
il a infiltré une famille américaine très étrange,SQUEEZIE,https://www.youtube.com/watch?v=VO46bSRDVx8,10818787,557149,8582,2021-12-04T18:31:38Z,PT16M57S
vos professeurs font des dingueries,SQUEEZIE,https://www.youtube.com/watch?v=tCIIrPEF8Hk,8282501,494792,6692,2021-11-27T17:52:04Z,PT11M56S
ne descendez pas dans sa cave...,SQUEEZIE,https://www.youtube.com/watch?v=gNRHVCTGfTg,9684558,524436,7279,2021-11-22T18:00:00Z,PT15M17S
Ambiance Skandal - Offishal,SQUEEZIE,https://www.youtube.com/watch?v=GWmk_5NAfoA,15520321,668499,12276,2021-11-15T17:01:47Z,PT2M50S
Trei Degete - Time Time,SQUEEZIE,https://www.youtube.com/watch?v=st8xWyMZXOU,65837329,1508099,49064,2021-11-15T17:01:40Z,PT3M33S
qui fera le meilleur hit des années 2000 ? (en 3 jours),SQUEEZIE,https://www.youtube.com/watch?v=GH18O6Lkugc,15659949,628708,20640,2021-11-11T17:27:19Z,PT1H18M17S
il s'est échappé 4 fois de prison par amour,SQUEEZIE,https://www.youtube.com/watch?v=hQvQII3W_XU,10337079,569043,7760,2021-11-07T18:28:21Z,PT18M26S
Notre airbnb cachait un sombre secret... (Thread Horreur IRL #1),SQUEEZIE,https://www.youtube.com/watch?v=ssVSE18PNC4,10291668,542918,12162,2021-10-31T17:00:35Z,PT34M50S
il sait où vous trouver...,SQUEEZIE,https://www.youtube.com/watch?v=XjObjgPJ0u4,15787577,658521,14135,2021-10-28T16:52:36Z,PT23M57S
j'ai une grande annonce à vous faire,SQUEEZIE,https://www.youtube.com/watch?v=aTd9FsHlxDY,4647281,423168,10177,2021-10-22T17:13:10Z,PT7M3S
pourquoi on a fait cette activité ??,SQUEEZIE,https://www.youtube.com/watch?v=5aRCN-h9ilM,3451911,279444,3380,2021-10-19T17:46:32Z,PT14M28S
on piège des abonnés avec nos sosies,SQUEEZIE,https://www.youtube.com/watch?v=PC6fjazOetE,9896559,529837,7883,2021-10-14T16:01:23Z,PT27M40S
bizarre...,SQUEEZIE,https://www.youtube.com/watch?v=YGBNp1j58yI,9403816,493083,6727,2021-10-07T18:03:45Z,PT10M4S
vérifiez toujours votre banquette arrière...,SQUEEZIE,https://www.youtube.com/watch?v=OD2lAb-_6Kk,11546928,548647,9146,2021-10-01T18:15:48Z,PT16M22S
Squeezie - arrêtez (Clip officiel),SQUEEZIE,https://www.youtube.com/watch?v=N1ZfIe47Dj4,8061965,363054,9710,2021-09-24T16:15:46Z,PT3M45S
essayez de rester calme 2,SQUEEZIE,https://www.youtube.com/watch?v=5PUxHJ74n-A,9395357,503983,6730,2021-09-22T17:39:20Z,PT26M1S
l'histoire folle de ce trafiquant que personne ne connaît,SQUEEZIE,https://www.youtube.com/watch?v=qsUQFvyLDOw,9722196,513813,6678,2021-09-18T16:31:01Z,PT16M20S
ces caméras filment des trucs incroyables,SQUEEZIE,https://www.youtube.com/watch?v=1072kUp4i1E,7500844,476083,7841,2021-09-13T16:17:37Z,PT11M24S
rien ne s’est passé comme prévu,SQUEEZIE,https://www.youtube.com/watch?v=2CR21MSyTc4,7272455,509513,6432,2021-09-08T16:14:07Z,PT13M30S
ne la laissez pas vous toucher,SQUEEZIE,https://www.youtube.com/watch?v=yzuwQlcGde8,12246361,666352,23096,2021-08-31T17:21:11Z,PT15M12S
"y'avait 0,1% de chance que ça arrive",SQUEEZIE,https://www.youtube.com/watch?v=XdGE3AW-qdw,11260575,600593,8334,2021-08-22T17:58:50Z,PT10M14S
il n'aurait pas dû survivre à ça,SQUEEZIE,https://www.youtube.com/watch?v=aW2expJrXwQ,8377689,502647,10370,2021-08-16T16:56:27Z,PT15M1S
on a pas les mêmes vacances qu’eux,SQUEEZIE,https://www.youtube.com/watch?v=efibkS_ClF0,9052042,522639,8609,2021-08-08T17:09:49Z,PT10M55S
je réponds à vos questions osées (FAQ 2021),SQUEEZIE,https://www.youtube.com/watch?v=rJbJ2sxgBXM,4796759,400134,7679,2021-08-01T17:08:26Z,PT12M57S
elle s'attendait pas à tomber sur ça,SQUEEZIE,https://www.youtube.com/watch?v=u1tydg2arAw,10635867,542178,9492,2021-07-26T17:36:34Z,PT14M18S
SOS Streaming : 3 jours pour devenir le meilleur,SQUEEZIE,https://www.youtube.com/watch?v=8ZBXCtqKmaA,12118277,557083,20468,2021-07-20T17:25:47Z,PT1H8M25S
mes rencontres les plus étranges...,SQUEEZIE,https://www.youtube.com/watch?v=d6k9iGHlgFA,9630784,612619,12631,2021-07-12T17:15:31Z,PT14M46S
La légende d'Okugai,SQUEEZIE,https://www.youtube.com/watch?v=JmFEFcA51jg,1391012,88692,3065,2021-07-09T17:06:09Z,PT2M
n'essayez pas d'aller dans son pays,SQUEEZIE,https://www.youtube.com/watch?v=mLzf6VYyJc0,9212328,536550,9357,2021-07-06T15:42:37Z,PT14M52S
j'aimerais pas être à leur place,SQUEEZIE,https://www.youtube.com/watch?v=hplgnhtDa6k,12062917,644092,13953,2021-06-29T17:09:22Z,PT11M28S
elle ne pouvait pas s'y attendre...,SQUEEZIE,https://www.youtube.com/watch?v=0NuWaq3R0kI,10862515,595651,11055,2021-06-23T15:56:56Z,PT15M26S
"L’ACADÉMIE DES CANCRES #3 (ft Léna, Luciole, HugoDécrypte, Freddy Gladieux)",SQUEEZIE,https://www.youtube.com/watch?v=UeU4rTdQASM,15561873,569497,11903,2021-06-16T18:13:53Z,PT24M42S
l'affreuse histoire de John McAfee,SQUEEZIE,https://www.youtube.com/watch?v=FueVLtmGefk,13461317,596349,13237,2021-06-08T16:31:55Z,PT20M39S
c'était pas une bonne idée,SQUEEZIE,https://www.youtube.com/watch?v=J_vd6yrWhEc,12079179,569159,10123,2021-06-01T17:48:03Z,PT10M9S
ces musées existent vraiment,SQUEEZIE,https://www.youtube.com/watch?v=FiEjl6TgCsc,5388117,369071,6123,2021-05-28T17:11:28Z,PT11M12S
cet individu s'apprête à m'agresser,SQUEEZIE,https://www.youtube.com/watch?v=PjsYbGRQogQ,8207949,490455,13151,2021-05-22T17:29:39Z,PT11M54S
méfiez-vous de ses messages privés,SQUEEZIE,https://www.youtube.com/watch?v=NgBdZbtHDlA,14801764,664740,17813,2021-05-17T18:00:31Z,PT19M2S
comment il a pu survivre à ça ??,SQUEEZIE,https://www.youtube.com/watch?v=WycOrLcP3BA,10276334,637423,10492,2021-05-10T17:04:35Z,PT12M13S
j'essaye des objets très dangereux,SQUEEZIE,https://www.youtube.com/watch?v=39RSuteDgLo,9370012,553629,18776,2021-05-04T17:37:25Z,PT13M7S
dommage pour eux c'est arrivé en live,SQUEEZIE,https://www.youtube.com/watch?v=tWnO4kn5284,12892922,613091,7297,2021-04-29T17:11:01Z,PT10M39S
un truc en cache souvent un autre...,SQUEEZIE,https://www.youtube.com/watch?v=isThS_BftdM,9737304,520708,10755,2021-04-23T16:56:38Z,PT10M37S
surveillez bien vos fenêtres,SQUEEZIE,https://www.youtube.com/watch?v=wg0W80etRXY,9958134,564037,14916,2021-04-18T17:56:17Z,PT13M1S
lui c’est un génie ou un énorme imposteur,SQUEEZIE,https://www.youtube.com/watch?v=S7FKBkzaB4M,8798054,494844,8379,2021-04-12T17:57:37Z,PT12M23S
1 seconde avant la catastrophe...,SQUEEZIE,https://www.youtube.com/watch?v=Y7GOnbhTKaA,13469155,670788,24766,2021-04-09T16:56:08Z,PT10M13S
on a loué un camion et on fait des surprises,SQUEEZIE,https://www.youtube.com/watch?v=lyrgK96-bWk,6871587,483132,10975,2021-04-04T16:26:18Z,PT24M51S
donc ça c’est de l’art ??,SQUEEZIE,https://www.youtube.com/watch?v=R9SC1KibIic,7057136,449673,8732,2021-03-30T17:41:57Z,PT10M42S
essayez de rester calme,SQUEEZIE,https://www.youtube.com/watch?v=cY8vIsyPqkE,10412626,628468,11363,2021-03-25T19:36:51Z,PT18M30S
ne lui ouvrez pas la porte,SQUEEZIE,https://www.youtube.com/watch?v=9fzIrrL84Gk,12391756,642042,15159,2021-03-17T18:43:39Z,PT13M39S
ces bêtises ont du leur coûter cher,SQUEEZIE,https://www.youtube.com/watch?v=MJYFgFbC3kg,17604646,665634,10657,2021-03-12T17:26:15Z,PT12M13S
10 ans sur YouTube,SQUEEZIE,https://www.youtube.com/watch?v=QsBSHY8GhUc,5858365,715461,40863,2021-03-07T17:59:51Z,PT12M28S
tant que ça m'arrive pas c'est drôle,SQUEEZIE,https://www.youtube.com/watch?v=EvwiyKBzBZA,12059572,609130,11326,2021-03-02T17:39:31Z,PT11M23S
qui a créé cette merveille ?? (et aussi nouveau décor),SQUEEZIE,https://www.youtube.com/watch?v=qNZe5hUAfuU,11645464,657804,16341,2021-02-24T18:33:56Z,PT11M18S
Squeezie - Mario Kart (Clip Officiel),SQUEEZIE,https://www.youtube.com/watch?v=MvxgQbmjnss,8398407,405132,17343,2021-02-21T17:06:34Z,PT2M42S
vous n'êtes jamais vraiment seul,SQUEEZIE,https://www.youtube.com/watch?v=FIPUfBEI4dw,9973944,598536,15910,2021-02-18T19:10:33Z,PT12M35S
j'en ai marre de pleurer devant ça,SQUEEZIE,https://www.youtube.com/watch?v=qDCn6QNGYy4,6910567,487564,12535,2021-02-13T18:00:47Z,PT11M59S
ces trucs sont tellement énervants,SQUEEZIE,https://www.youtube.com/watch?v=8xD7MY5fw1w,15451586,755110,13826,2021-02-08T18:48:00Z,PT10M28S
nos photos sont-elles retouchées ??,SQUEEZIE,https://www.youtube.com/watch?v=P09Gedr_oHY,8466471,543940,6707,2021-02-03T18:50:27Z,PT15M30S
ces films pour enfants me font trop peur,SQUEEZIE,https://www.youtube.com/watch?v=_RYLkWhTxjU,7685819,506275,19847,2021-01-29T18:19:28Z,PT12M3S
ils ont voulu faire quoi là ??,SQUEEZIE,https://www.youtube.com/watch?v=2Ila5jNA58g,11088051,576935,10630,2021-01-23T17:10:59Z,PT10M26S
ne montez pas dans sa voiture...,SQUEEZIE,https://www.youtube.com/watch?v=Rc-pFkMAtxE,11143381,648184,15173,2021-01-18T18:51:42Z,PT14M42S
Paku Paku,SQUEEZIE,https://www.youtube.com/watch?v=1FX-eksS3I8,1591518,130272,5031,2021-01-15T17:36:02Z,PT1M
lui c’est André et vous allez l’adorer,SQUEEZIE,https://www.youtube.com/watch?v=frZAr_EEDMU,10510224,740373,20116,2021-01-13T18:04:49Z,PT12M46S
pourquoi personne leur dit ??,SQUEEZIE,https://www.youtube.com/watch?v=SXmnGy6eTOY,11297592,632847,13404,2021-01-07T18:15:39Z,PT10M52S
je sors les vieux dossiers...,SQUEEZIE,https://www.youtube.com/watch?v=cwH8rfn8D2U,6216111,496980,8841,2021-01-02T17:47:07Z,PT10M58S
j'y mettrai jamais les pieds,SQUEEZIE,https://www.youtube.com/watch?v=ogvxf1VyRzo,13907772,701472,13947,2020-12-26T18:01:55Z,PT10M13S
et dire qu'on était fiers de nos décorations,SQUEEZIE,https://www.youtube.com/watch?v=cLwZZWdliaQ,8211328,529806,14548,2020-12-21T17:13:31Z,PT11M27S
ici tout est impressionnant,SQUEEZIE,https://www.youtube.com/watch?v=K7FwXzobDso,11689585,606988,10894,2020-12-16T18:51:40Z,PT10M54S
ne montez pas dans son ascenseur...,SQUEEZIE,https://www.youtube.com/watch?v=jgkxwAoge3A,10681943,623025,13997,2020-12-11T17:55:57Z,PT12M17S
je m'incruste dans des cours et Luciole fait une dinguerie,SQUEEZIE,https://www.youtube.com/watch?v=pqHx6BwmNJQ,15861304,890982,20889,2020-12-07T19:12:43Z,PT16M2S
ce n'est pas du tout l'endroit pour ça,SQUEEZIE,https://www.youtube.com/watch?v=ZMWyQYcV4bM,11919981,628969,12406,2020-11-30T18:08:55Z,PT11M
en fait les cours en ligne c'est hilarant,SQUEEZIE,https://www.youtube.com/watch?v=0n0o2QN4oN8,17722149,840520,16308,2020-11-25T18:30:35Z,PT11M30S
LE PLUS GROS CACHE-CACHE DE FRANCE #2,SQUEEZIE,https://www.youtube.com/watch?v=DLvC_r6GeFs,14502266,755093,18235,2020-11-20T17:10:17Z,PT31M16S
pourquoi j'ai acheté ces jouets ??,SQUEEZIE,https://www.youtube.com/watch?v=MUMaZ4E8gKM,9063984,545696,12356,2020-11-17T19:23:48Z,PT16M27S
et pourtant ça finit bien,SQUEEZIE,https://www.youtube.com/watch?v=unTN7BxDM9g,14338344,733951,17416,2020-11-11T18:34:51Z,PT10M28S
on surprend des petits streamers,SQUEEZIE,https://www.youtube.com/watch?v=6kMf1x1cxk8,7150400,605938,16202,2020-11-06T18:07:40Z,PT13M50S
"cette fois, ce sont VOS histoires",SQUEEZIE,https://www.youtube.com/watch?v=2gwXQc78z-I,20811626,836718,28421,2020-10-31T18:17:50Z,PT20M4S
ils ont vécu mon cauchemar,SQUEEZIE,https://www.youtube.com/watch?v=hUTQIByPlTQ,13955217,760455,26715,2020-10-27T17:35:39Z,PT16M44S
qui veut de ça chez lui ??,SQUEEZIE,https://www.youtube.com/watch?v=2ol9LmWlf5Y,8571903,500943,10682,2020-10-23T16:06:34Z,PT9M53S
mais c'est quoi ça encore ??,SQUEEZIE,https://www.youtube.com/watch?v=_-nqGrCzctE,7684332,530240,10178,2020-10-17T16:30:58Z,PT12M40S
"si vous entendez ce bruit, fuyez",SQUEEZIE,https://www.youtube.com/watch?v=_QF0gn93ljc,12591390,662679,19624,2020-10-11T17:21:54Z,PT12M54S
je découvre un sacré game là,SQUEEZIE,https://www.youtube.com/watch?v=sieJs8h9kws,8554255,540993,11877,2020-10-07T17:23:53Z,PT10M53S
on fait des trucs idiots à ne pas reproduire chez vous,SQUEEZIE,https://www.youtube.com/watch?v=MwfUYq_OOfU,17155609,846499,14678,2020-10-03T15:43:27Z,PT15M47S
Squeezie - Tout (Clip Officiel),SQUEEZIE,https://www.youtube.com/watch?v=Gx5JhyUwvWo,5668316,349927,16097,2020-09-29T16:00:09Z,PT3M28S
pourquoi j'ai voulu tout faire moi-même ??,SQUEEZIE,https://www.youtube.com/watch?v=USaO1UtBMK0,9055584,524298,12675,2020-09-27T17:02:31Z,PT17M54S
OXYZ (Transonorisation M7245),SQUEEZIE,https://www.youtube.com/watch?v=CqmEar_QoDk,1957952,191544,7199,2020-09-25T16:36:54Z,PT1M
je dois vous parler de cette émission,SQUEEZIE,https://www.youtube.com/watch?v=Tt46K1cGEbo,6799174,464229,11137,2020-09-19T16:55:30Z,PT15M12S
mais comment ça peut finir comme ça ??,SQUEEZIE,https://www.youtube.com/watch?v=1wov5txk_Pg,13285850,670632,15910,2020-09-14T16:59:05Z,PT11M51S
ils ont sous-estimé mon cahier de vacances,SQUEEZIE,https://www.youtube.com/watch?v=Bt7Nf6l2OAI,7441849,545031,19970,2020-09-10T16:19:39Z,PT18M55S
Squeezie ft. Gambi - Servis (Clip Officiel),SQUEEZIE,https://www.youtube.com/watch?v=oQ0mehzV-y8,10316164,569889,47716,2020-09-04T16:37:19Z,PT4M56S
il ne faut surtout pas s'arrêter...,SQUEEZIE,https://www.youtube.com/watch?v=M4HIYqQn7zU,13463660,731657,24619,2020-08-31T17:08:22Z,PT13M56S
'KOJIKA',SQUEEZIE,https://www.youtube.com/watch?v=tmFhkVZQg_E,2214821,223880,14132,2020-08-26T16:41:39Z,PT1M45S
je sors un album et j’vous raconte tout,SQUEEZIE,https://www.youtube.com/watch?v=1NX0KyA8984,4350442,392594,23155,2020-08-21T16:28:08Z,PT19M10S
c'est du mauvais goût ou pas ??,SQUEEZIE,https://www.youtube.com/watch?v=YZqPyNlpux8,13027868,633071,17571,2020-08-16T16:25:45Z,PT10M23S
la vengeance de ce mec est incroyable,SQUEEZIE,https://www.youtube.com/watch?v=PX6-ULUCLds,12402720,786809,16704,2020-08-09T14:46:04Z,PT12M2S
j'ai un nouveau studio (F.A.Q.),SQUEEZIE,https://www.youtube.com/watch?v=3QU0Iv7KcWw,6770466,536291,26096,2020-08-03T17:21:04Z,PT19M38S
j’ai réussi et je veux rien entendre,SQUEEZIE,https://www.youtube.com/watch?v=Oxxyac_L7A4,9391803,637287,20970,2020-07-28T18:01:32Z,PT13M36S
j'ai rien compris mais wow,SQUEEZIE,https://www.youtube.com/watch?v=383E2RAPq7U,14683873,658060,16530,2020-07-22T18:05:53Z,PT12M53S
les apparences sont trompeuses...,SQUEEZIE,https://www.youtube.com/watch?v=78J937mvH4g,13409807,667618,25323,2020-07-17T15:53:47Z,PT15M25S
j'espère que vous n'avez jamais eu ces jouets,SQUEEZIE,https://www.youtube.com/watch?v=qbzvJE7sg_g,16682988,655598,32040,2020-07-12T16:44:59Z,PT13M41S
YOKO - Collection 'Melody',SQUEEZIE,https://www.youtube.com/watch?v=w1hF4HYNQOI,1863456,171959,14175,2020-07-11T12:27:57Z,PT49S
qui est le meilleur magicien ?,SQUEEZIE,https://www.youtube.com/watch?v=peBcayBVoCM,11935436,634572,10858,2020-07-07T18:05:08Z,PT18M16S
Squeezie - Guépard (feat Nemir),SQUEEZIE,https://www.youtube.com/watch?v=DMp3V4BHyRQ,10275075,548806,41038,2020-07-03T16:04:06Z,PT2M45S
lâchez-moi avec ça c'est mooort !!,SQUEEZIE,https://www.youtube.com/watch?v=8ikjOH92P5A,11103106,653055,19780,2020-06-30T17:33:55Z,PT10M13S
les gars j'suis devenu ingénieur,SQUEEZIE,https://www.youtube.com/watch?v=S1qqgbflibY,7868929,565067,19780,2020-06-25T17:00:18Z,PT12M40S
en fait c'est fabriqué comme ça ??,SQUEEZIE,https://www.youtube.com/watch?v=c8r7qkxaZXI,12206067,608512,18852,2020-06-21T15:32:54Z,PT12M11S
Méfiez-vous de vos voisins,SQUEEZIE,https://www.youtube.com/watch?v=VyrQvEv1tak,13595479,688300,27897,2020-06-16T16:27:31Z,PT14M22S
mais comment ?!?!,SQUEEZIE,https://www.youtube.com/watch?v=XkQE9rxBlK0,15838486,718323,22724,2020-06-10T17:29:29Z,PT12M6S
j’ai trouvé la meilleure activité !!,SQUEEZIE,https://www.youtube.com/watch?v=66cvCPk_9BM,7387572,584499,18881,2020-06-05T17:46:14Z,PT10M33S
voilà pourquoi j'ai peur de l'avion,SQUEEZIE,https://www.youtube.com/watch?v=kvYSwgmcVE0,11481151,646972,24644,2020-06-01T17:03:39Z,PT15M4S
mon premier et dernier entretien d’embauche,SQUEEZIE,https://www.youtube.com/watch?v=xAue4Xr3Bc0,8714248,590384,20427,2020-05-26T18:17:44Z,PT15M6S
qui conduit comme eux ici ?,SQUEEZIE,https://www.youtube.com/watch?v=PHsf56jSguM,12314701,720070,21610,2020-05-21T17:40:42Z,PT13M42S
Le parc d'attractions le plus DANGEREUX au monde,SQUEEZIE,https://www.youtube.com/watch?v=jxWX1gANA5M,22772714,902893,24969,2020-05-16T17:37:09Z,PT15M22S
j'espère que vous avez un grenier,SQUEEZIE,https://www.youtube.com/watch?v=wL4ExF7NCsg,19105616,745548,30297,2020-05-11T18:46:34Z,PT18M41S
j’achèèète !!,SQUEEZIE,https://www.youtube.com/watch?v=yYg8UAnEckw,17609312,735174,18008,2020-05-06T16:31:48Z,PT10M31S
je suis incapable de faire ça,SQUEEZIE,https://www.youtube.com/watch?v=1orOt3vtYvU,10696791,547828,28889,2020-05-02T17:14:04Z,PT11M19S
me dérangez pas je joue avec mon fils,SQUEEZIE,https://www.youtube.com/watch?v=tJ39eFYOVok,8243844,585587,16333,2020-04-27T17:18:14Z,PT10M21S
là on va vraiment se faire peur,SQUEEZIE,https://www.youtube.com/watch?v=AikKYjIyoR8,11376148,587356,35171,2020-04-22T17:13:43Z,PT11M33S
les gars j'ai appris à cuisiner,SQUEEZIE,https://www.youtube.com/watch?v=N8wzPaZCwbw,12933678,665131,35888,2020-04-17T16:49:17Z,PT14M25S
Leurs occupations sont mieux que les nôtres,SQUEEZIE,https://www.youtube.com/watch?v=6V7Qzn5YeXo,11225320,600173,22863,2020-04-12T18:52:52Z,PT10M41S
Je ne veux pas croiser ces gens,SQUEEZIE,https://www.youtube.com/watch?v=2RB1Wi35K9g,14357465,683030,26580,2020-04-08T18:48:19Z,PT15M50S
ma nouvelle vie commence maintenant,SQUEEZIE,https://www.youtube.com/watch?v=RlqOX0kK5G0,11069229,543838,22525,2020-04-03T17:36:22Z,PT13M34S
Cette fois vous pleurez c'est obligé,SQUEEZIE,https://www.youtube.com/watch?v=5uIsu68nGp8,9030584,576629,32409,2020-03-30T17:43:32Z,PT10M54S
J’avais que ça sous la main mais j’ai adoré,SQUEEZIE,https://www.youtube.com/watch?v=zibw0LoKIu4,8779923,567450,27093,2020-03-26T18:20:41Z,PT13M12S
C'est mal mais vous allez rire,SQUEEZIE,https://www.youtube.com/watch?v=aSJCwLz0IT8,20362753,713535,15281,2020-03-21T19:12:26Z,PT11M2S
Arrêtons les bêtises et restons chez nous,SQUEEZIE,https://www.youtube.com/watch?v=VXpThH70Hp4,5875289,536316,30808,2020-03-18T18:34:22Z,PT11M41S
Les énigmes me rendent fou,SQUEEZIE,https://www.youtube.com/watch?v=F4bfWAz94cE,7953452,448418,10034,2020-03-14T18:46:25Z,PT10M24S
Nous deux et Isabelle la gymnaste,SQUEEZIE,https://www.youtube.com/watch?v=FIq0XBksTe0,10451028,621401,12166,2020-03-10T18:16:46Z,PT11M35S
Fermez bien votre porte cette nuit,SQUEEZIE,https://www.youtube.com/watch?v=SULPUE6tZmg,13527555,620634,20330,2020-03-06T17:57:30Z,PT16M38S
Est-ce vraiment intéressant ? ¯\_(ツ)_/¯,SQUEEZIE,https://www.youtube.com/watch?v=W8StdG16rUI,10923523,498105,10708,2020-02-29T17:36:24Z,PT10M18S
J’ai ramené ça du Japon et je suis fan,SQUEEZIE,https://www.youtube.com/watch?v=YQHSAu6CUjA,8089483,535321,19572,2020-02-25T18:29:02Z,PT11M49S
Faites pas les ouf vous allez pleurer aussi,SQUEEZIE,https://www.youtube.com/watch?v=FVaUVdGl6lQ,15758067,771405,23161,2020-02-15T16:26:12Z,PT11M28S
Vous vous souvenez de ça ?,SQUEEZIE,https://www.youtube.com/watch?v=MxJFMHGqLSs,8883395,495759,10454,2020-02-10T17:45:18Z,PT11M53S
Ça nous fera toujours rire,SQUEEZIE,https://www.youtube.com/watch?v=Glj5Qj7qdy4,8802995,464271,7763,2020-02-05T17:46:07Z,PT12M45S
Il attend devant chez vous...,SQUEEZIE,https://www.youtube.com/watch?v=kMt5bvozISA,12240549,581498,17311,2020-01-31T18:31:18Z,PT11M5S
Il se passe quoi avec les pubs Facebook et Insta ?,SQUEEZIE,https://www.youtube.com/watch?v=5PTuhR6_mCg,10095989,437740,11480,2020-01-26T11:25:30Z,PT11M14S
QUI POSSÈDE LE MEILLEUR JOUET ? #2,SQUEEZIE,https://www.youtube.com/watch?v=CxEbVy7BYwk,13977954,560620,13647,2020-01-21T18:03:52Z,PT21M6S
Vous voyez quoi vous ?,SQUEEZIE,https://www.youtube.com/watch?v=WpiV8C5Uric,10046915,510288,14014,2020-01-12T17:49:35Z,PT10M26S
SQUEEZIE - INFLUENCEURS,SQUEEZIE,https://www.youtube.com/watch?v=o_jWNAh_aQA,15133782,637311,43512,2020-01-08T17:00:17Z,PT3M18S
Ils ont vécu un thread horreur pour de vrai,SQUEEZIE,https://www.youtube.com/watch?v=6IZXIRqWvds,14499789,750316,27248,2020-01-06T18:42:59Z,PT16M45S
Comment j'ai pu passer à côté ?,SQUEEZIE,https://www.youtube.com/watch?v=P9Nr5W9aaRE,11286451,579072,13618,2019-12-30T18:07:29Z,PT11M28S
C'est exactement ce que vous pensez...,SQUEEZIE,https://www.youtube.com/watch?v=eS009cRz-XU,11039805,506017,21145,2019-12-25T17:28:48Z,PT15M21S
Ces trucs existent et vous ne le saviez pas,SQUEEZIE,https://www.youtube.com/watch?v=Rm6yGWD4asE,12521349,510254,10588,2019-12-20T18:40:24Z,PT10M35S
Êtes-vous vraiment seul chez vous ?,SQUEEZIE,https://www.youtube.com/watch?v=8cpz4DKWBZ8,12543165,648318,20976,2019-12-16T18:22:21Z,PT13M39S
Il est temps d'assumer mes bêtises...,SQUEEZIE,https://www.youtube.com/watch?v=cmggYgapaRo,17112485,750639,50390,2019-12-11T17:30:17Z,PT14M27S
YOKO - Collection 'Kamen',SQUEEZIE,https://www.youtube.com/watch?v=ScHhBeIa9ps,2112146,204129,10535,2019-12-09T18:43:24Z,PT2M18S
Qu'est-ce-tu vas faire maintenant ?,SQUEEZIE,https://www.youtube.com/watch?v=V58w6VpWAi4,10531598,536995,31854,2019-12-05T17:54:42Z,PT16M12S
Un délire parti très loin,SQUEEZIE,https://www.youtube.com/watch?v=geXbwKKNWEI,7708696,483123,9923,2019-11-29T19:12:48Z,PT21M16S
"Et ça, vous l'avez vu ?",SQUEEZIE,https://www.youtube.com/watch?v=kr0EHZOUTbs,16753231,639436,18965,2019-11-25T17:08:00Z,PT11M26S
La décision de ma vie clairement (Linda Brown #fin),SQUEEZIE,https://www.youtube.com/watch?v=mGPCWxfNRz0,6341028,398678,14173,2019-11-20T17:29:58Z,PT23M59S
Après 23 ans d'existence je découvre le sens des expressions,SQUEEZIE,https://www.youtube.com/watch?v=YiQWq3oRxPY,8048927,436737,13248,2019-11-13T19:28:15Z,PT14M26S
L’activité de trop...,SQUEEZIE,https://www.youtube.com/watch?v=UhU58Iz9zqk,8473194,511687,23854,2019-11-08T19:16:53Z,PT12M58S
Si vous ne comprenez rien c’est normal moi non plus (Linda Brown #2),SQUEEZIE,https://www.youtube.com/watch?v=-1qR0oOR_q4,7010201,563593,34668,2019-11-03T18:19:11Z,PT16M13S
Ils vous observent peut-être...,SQUEEZIE,https://www.youtube.com/watch?v=go7TyVITj4M,14624987,606522,18700,2019-10-31T17:35:52Z,PT13M8S
Vous ne savez pas ce dont ils sont capables,SQUEEZIE,https://www.youtube.com/watch?v=R35uNxagzDM,12953686,580510,16204,2019-10-25T17:01:30Z,PT10M57S
C'était dangereux mais j'ai réussi,SQUEEZIE,https://www.youtube.com/watch?v=FMJ69AP_D4Q,9367429,499520,20081,2019-10-21T17:24:04Z,PT11M24S
J'ai honte d'aimer ça...,SQUEEZIE,https://www.youtube.com/watch?v=K4J9rCmJ3d4,9554960,702303,65583,2019-10-17T16:33:32Z,PT16M4S
Comment on faisait avant que ça existe ?,SQUEEZIE,https://www.youtube.com/watch?v=49gzhsRfRCg,19650955,635456,14655,2019-10-11T17:23:05Z,PT10M23S
Vous savez très bien comment ça va finir,SQUEEZIE,https://www.youtube.com/watch?v=675GnRFIGO8,14782821,618646,22579,2019-10-07T16:31:20Z,PT10M57S
J'ai pas trop envie que ça m'arrive,SQUEEZIE,https://www.youtube.com/watch?v=GuR-TwudAe4,14541192,633623,28560,2019-10-02T18:18:08Z,PT12M25S
Vous passez une meilleure journée qu'eux,SQUEEZIE,https://www.youtube.com/watch?v=qCxtsJcDihk,17213305,664791,17212,2019-09-27T16:49:56Z,PT10M39S
Le domino game n'est pas prêt,SQUEEZIE,https://www.youtube.com/watch?v=qAtGSDgAWVw,11362488,552906,16744,2019-09-23T16:38:30Z,PT10M6S
Quel Squeezie est le vrai ?,SQUEEZIE,https://www.youtube.com/watch?v=2J3xPtmq7yk,11984922,551745,9463,2019-09-17T17:27:56Z,PT13M29S
Je soigne ma phobie de la mer,SQUEEZIE,https://www.youtube.com/watch?v=1NZY5fvxxtQ,14215893,564956,25424,2019-09-12T17:03:20Z,PT10M53S
3 histoires vraies qui m’ont vraiment fait peur,SQUEEZIE,https://www.youtube.com/watch?v=6zLFBIANBUs,15729452,641515,23515,2019-09-07T17:04:44Z,PT14M21S
Ne m'invitez pas à vos anniversaires,SQUEEZIE,https://www.youtube.com/watch?v=fanYIYzsqw4,9308066,499606,22852,2019-09-02T17:46:15Z,PT10M41S
Le bilan un poil chiant où je parle de moi,SQUEEZIE,https://www.youtube.com/watch?v=_hoKAeItU_w,4539515,370938,14786,2019-08-24T17:13:21Z,PT13M55S
Je vous piège une nouvelle fois et ça a bien marché,SQUEEZIE,https://www.youtube.com/watch?v=Fzb9RV4x2X0,6943230,508750,10632,2019-08-18T17:08:59Z,PT12M49S
Le vrai visage de Squeezie,SQUEEZIE,https://www.youtube.com/watch?v=lt3o_0aq2ys,11039474,516445,20767,2019-08-12T17:06:24Z,PT12M53S
Une énième vidéo avec mon chien mais pour une bonne raison,SQUEEZIE,https://www.youtube.com/watch?v=Bt_KThq8_O4,12639632,620154,18266,2019-08-06T16:27:25Z,PT12M32S
Est-ce qu’on connaît vraiment YouTube ?,SQUEEZIE,https://www.youtube.com/watch?v=8BRG2tLM4Tw,11093012,491079,7620,2019-08-01T17:41:27Z,PT14M56S
J’essaie l’origami et c’est l’enfer,SQUEEZIE,https://www.youtube.com/watch?v=9IEy2aMb1mU,8504441,418596,18724,2019-07-27T17:14:50Z,PT15M9S
Est-ce vraiment ce que vous voulez ?,SQUEEZIE,https://www.youtube.com/watch?v=5Y70u4zGtJU,13673465,620647,27154,2019-07-22T15:09:57Z,PT11M7S
Réponse à vos questions (enfin pas toutes car y'en a vraiment beaucoup mais pas mal quand même),SQUEEZIE,https://www.youtube.com/watch?v=HKgwU93u9Vo,5741191,410186,30882,2019-07-17T16:44:10Z,PT12M13S
Ces images m'ont fait mal au crâne mais je vais bien,SQUEEZIE,https://www.youtube.com/watch?v=8A9YDTKiwo4,15301973,582017,13551,2019-07-12T16:35:30Z,PT10M26S
Une nouvelle histoire qui fait bien peur (courage),SQUEEZIE,https://www.youtube.com/watch?v=VyM776m9GsQ,14377239,635921,39230,2019-07-07T17:00:02Z,PT14M1S
YOKO - Collection 'Basic' et 'Yokai',SQUEEZIE,https://www.youtube.com/watch?v=jFJyCgNU0T8,3576486,267260,23274,2019-07-03T16:00:21Z,PT2M
Arrêtez de m’offrir ça j'y arrive pas,SQUEEZIE,https://www.youtube.com/watch?v=E9AuAVfEAnw,15675770,633012,18804,2019-07-01T17:00:13Z,PT16M55S
Je déterre mes vieux tweets (c’est gênant mais touchant),SQUEEZIE,https://www.youtube.com/watch?v=80H0fnT8sZs,9399775,552426,13760,2019-06-26T16:57:20Z,PT11M49S
J'ai découvert ce bouton et ça a tout changé (ok j'exagère un peu),SQUEEZIE,https://www.youtube.com/watch?v=pfTGWKbPIvE,11612979,651088,15294,2019-06-21T16:31:13Z,PT10M52S
Ça commence mal mais ça finit bien...,SQUEEZIE,https://www.youtube.com/watch?v=0blw7r3IPjw,19706733,626348,12316,2019-06-16T15:12:40Z,PT9M40S
Comment faire un clip de l'été ? (légèrement cliché),SQUEEZIE,https://www.youtube.com/watch?v=gVTWy2k0-tc,6989279,290185,6372,2019-06-12T17:25:57Z,PT15M1S
Squeezie ft Joyca - Bye Bye,SQUEEZIE,https://www.youtube.com/watch?v=L3pqPw9ipCg,39028879,1109862,59805,2019-06-08T15:05:11Z,PT2M51S
Kezah ft Freddy - Mirador,SQUEEZIE,https://www.youtube.com/watch?v=UZLNgz1AqCE,55062752,1156382,52936,2019-06-08T15:04:56Z,PT2M51S
Qui fera le meilleur hit de l'été ? (en 3 jours),SQUEEZIE,https://www.youtube.com/watch?v=ZQjCh7oDRLo,22677747,698610,37919,2019-06-05T17:15:25Z,PT1H8M24S
J'ai pris une méga douille (mais je l'ai cherché),SQUEEZIE,https://www.youtube.com/watch?v=HanfxLSk0a8,12807986,516231,11481,2019-05-31T17:15:11Z,PT14M14S
3 histoires qui vont gâcher votre nuit (et la mienne),SQUEEZIE,https://www.youtube.com/watch?v=qzSSOAl1FLE,19233666,676974,38390,2019-05-25T16:34:00Z,PT14M31S
J'apprends à dessiner et j'y arrive vite fait,SQUEEZIE,https://www.youtube.com/watch?v=7bj3XZ0AQCU,13807162,588954,48570,2019-05-18T17:04:01Z,PT14M36S
Je découvre mon visage s'il était parfait,SQUEEZIE,https://www.youtube.com/watch?v=Ji_dK9KzTng,8083276,434870,13879,2019-05-08T17:15:55Z,PT10M23S
"On a échangé nos styles... (ft Seb, Maxenss, Luciole)",SQUEEZIE,https://www.youtube.com/watch?v=HRrbEm41pCU,11989068,496530,13768,2019-05-04T18:08:20Z,PT19M18S
Cette caméra filme toute sorte de choses drôles (titre très long),SQUEEZIE,https://www.youtube.com/watch?v=0s8a2zx3clg,12412373,519117,8278,2019-04-26T17:30:08Z,PT11M16S
ON ESSAYE DES OBJETS ÉTRANGES #4,SQUEEZIE,https://www.youtube.com/watch?v=j0LleIRihAM,29357058,789466,21133,2019-04-21T08:46:19Z,PT14M25S
Comment devenir riche sur YouTube ? (6 techniques),SQUEEZIE,https://www.youtube.com/watch?v=KWdsHZ2OCkI,7165875,448011,17291,2019-04-14T15:48:29Z,PT13M33S
Le métier le plus dangereux du monde,SQUEEZIE,https://www.youtube.com/watch?v=QV9tsas8z_M,15861736,587539,9717,2019-04-10T16:31:19Z,PT10M31S
Quand on se rencontre dans la rue,SQUEEZIE,https://www.youtube.com/watch?v=7ASjZ6NfuA4,10546627,540570,17783,2019-04-04T16:39:30Z,PT13M19S
"L'ACADÉMIE DES CANCRES #2 (ft Laink, Terracid, Maghla)",SQUEEZIE,https://www.youtube.com/watch?v=T_4lXthmpj0,18241474,568903,29727,2019-03-29T19:29:06Z,PT23M9S
Continuez à faire ça s'il vous plaît (les mods),SQUEEZIE,https://www.youtube.com/watch?v=sZFRwgErDiQ,6730774,335168,11765,2019-03-25T18:09:46Z,PT12M13S
Vous n'allez pas dormir... (3 vraies histoires d'horreur),SQUEEZIE,https://www.youtube.com/watch?v=VpRVq07A_Ak,14783848,589289,38645,2019-03-21T17:50:41Z,PT10M32S
La nature est surprenante (genre ce crabe),SQUEEZIE,https://www.youtube.com/watch?v=5yx_We_8w2c,12467004,526262,22792,2019-03-17T18:49:31Z,PT12M42S
Réponse à Cyprien,SQUEEZIE,https://www.youtube.com/watch?v=6vVYUFumQCI,32883317,1130194,61383,2019-03-13T17:25:13Z,PT2M9S
Mon chien est le plus intelligent (objectivement),SQUEEZIE,https://www.youtube.com/watch?v=VfKlNLLK9NQ,13577667,553054,30759,2019-03-10T17:23:59Z,PT12M48S
LA FIN DES YOUTUBEURS ? (non),SQUEEZIE,https://www.youtube.com/watch?v=kuCv9TJbNh4,6553367,447230,23472,2019-03-07T18:06:44Z,PT12M55S
LES SPORTS IMPROBABLES,SQUEEZIE,https://www.youtube.com/watch?v=MyITSot_amg,16119025,534755,16964,2019-03-04T18:37:29Z,PT10M40S
CES GENS SONT DANGEREUX ⚠️ (Y'a quoi #2),SQUEEZIE,https://www.youtube.com/watch?v=sEkbibtqbbI,8046140,582741,28839,2019-02-28T17:18:19Z,PT13M49S
NOS PARENTS À NOTRE ÂGE,SQUEEZIE,https://www.youtube.com/watch?v=J6ntbiGV7Vc,9127457,429075,11713,2019-02-23T15:31:48Z,PT17M9S
SQUEEZIE - LE GAMING C'EST FINI,SQUEEZIE,https://www.youtube.com/watch?v=Rgt8wbx-OnU,12969207,466021,31958,2019-02-20T17:29:05Z,PT3M37S
VAIS-JE ARRÊTER LE GAMING ?,SQUEEZIE,https://www.youtube.com/watch?v=KsEErBliIjw,6688659,356392,21316,2019-02-15T18:15:15Z,PT11M43S
LA TÉLÉ VA-T-ELLE DISPARAÎTRE ? (Y’a quoi #1),SQUEEZIE,https://www.youtube.com/watch?v=S_a81xsZ6bc,7025710,498054,31818,2019-02-10T14:35:52Z,PT11M13S
QUI ÉCRIT CES ARTICLES ET POURQUOI ? 🤔,SQUEEZIE,https://www.youtube.com/watch?v=0lWmz76nB74,7985695,428453,12448,2019-02-05T19:10:00Z,PT13M30S
3 HISTOIRES VRAIES ANGOISSANTES,SQUEEZIE,https://www.youtube.com/watch?v=f8p_kNZhSZo,16814866,627842,23143,2019-02-01T17:19:40Z,PT13M33S
MON NOUVEAU DÉCOR ! (Setup 2019),SQUEEZIE,https://www.youtube.com/watch?v=j9HYtsxteW0,7399900,493788,33751,2019-01-27T18:51:55Z,PT14M39S
LES TEMPS FORTS SUR YOUTUBE (JANVIER),SQUEEZIE,https://www.youtube.com/watch?v=3Ye5GJgZw8c,11449212,725700,38167,2019-01-22T18:43:16Z,PT12M29S
"L’ACADÉMIE DES CANCRES ! (ft Seb, Luciole, Théo Bernard)",SQUEEZIE,https://www.youtube.com/watch?v=lXGYAoyabdg,24575026,730871,25683,2019-01-19T16:33:29Z,PT24M59S
REGARDEZ ATTENTIVEMENT CHAQUE IMAGE 🤔,SQUEEZIE,https://www.youtube.com/watch?v=LSI-tcAuk90,19372676,693443,22481,2019-01-11T18:41:00Z,PT10M12S
LES MEILLEURS MOMENTS EN LIVE (2018),SQUEEZIE,https://www.youtube.com/watch?v=DD-RH0VOrBs,4465229,215265,4964,2019-01-06T16:19:27Z,PT12M9S
JE VIDE MON SAC !,SQUEEZIE,https://www.youtube.com/watch?v=Gq30hwLYwq8,4840723,423771,21639,2019-01-03T18:25:02Z,PT8M54S
Frenetics - I Feel A Man (Official Music Video),SQUEEZIE,https://www.youtube.com/watch?v=jiV1tIVsuUU,13259717,445493,35391,2018-12-26T13:57:54Z,PT3M14S
3 VRAIES HISTOIRES TERRIFIANTES...,SQUEEZIE,https://www.youtube.com/watch?v=tL3-kd9zl_s,17434845,821357,32499,2018-12-23T12:04:54Z,PT13M5S
SQUEEZIE - FREESTYLE DE TWITTER (ft Bigflo & Oli),SQUEEZIE,https://www.youtube.com/watch?v=0S-0jhWMYMc,34882274,821424,33947,2018-12-20T17:10:56Z,PT3M24S
ON CRÉE UNE MUSIQUE EN 24H (ft Bigflo & Oli) #fin,SQUEEZIE,https://www.youtube.com/watch?v=IeJ1496NLIw,8341183,394625,14719,2018-12-18T17:23:08Z,PT16M13S
LES COULISSES D'UNE GROSSE VIDÉO,SQUEEZIE,https://www.youtube.com/watch?v=QOaIYVrz_vc,3318306,194472,5440,2018-12-15T14:15:27Z,PT13M28S
LA PREMIÈRE FOIS (Rainbow Six Siege IRL),SQUEEZIE,https://www.youtube.com/watch?v=N6d0wyShsyA,8306287,543075,29474,2018-12-11T17:05:36Z,PT4M58S
VOYEZ-VOUS LE VISAGE ? (Panorama fails + paréidolie),SQUEEZIE,https://www.youtube.com/watch?v=facaLreaqZw,14504840,494149,14385,2018-12-09T11:01:17Z,PT10M30S
IL Y A 10 ANS J'EN RÊVAIS !,SQUEEZIE,https://www.youtube.com/watch?v=VnIbouZWfnE,5416678,277967,7570,2018-12-05T18:58:33Z,PT10M54S
CET HOMME FAIT CE QU'IL VEUT,SQUEEZIE,https://www.youtube.com/watch?v=9A8BCkT0J8M,12449609,554995,12985,2018-11-26T18:35:26Z,PT13M36S
ÇA DOIT S'ARRÊTER !,SQUEEZIE,https://www.youtube.com/watch?v=-oiCAL2-tqI,26573163,795222,31377,2018-11-22T18:13:11Z,PT12M36S
UN CAS MYSTÉRIEUX...,SQUEEZIE,https://www.youtube.com/watch?v=clIh2__gIR4,12709242,576190,18745,2018-11-18T17:18:03Z,PT12M23S
J’AVAIS BESOIN D’EN PARLER,SQUEEZIE,https://www.youtube.com/watch?v=nvEITZp7XkU,7262518,468313,28487,2018-11-14T17:51:23Z,PT10M38S
1990 VS 2000 (Clash des générations),SQUEEZIE,https://www.youtube.com/watch?v=rjq6FJSAVJ0,34258174,860558,71718,2018-11-06T16:48:53Z,PT3M47S
ATTENTION À NE PAS TOMBER ! (vlog dangereux),SQUEEZIE,https://www.youtube.com/watch?v=z_OWG_Z98xg,3639959,245314,9113,2018-11-03T18:36:22Z,PT10M55S
DES INCONNUS SE MOQUENT DE MOI,SQUEEZIE,https://www.youtube.com/watch?v=QjMss3eAQN8,7905622,385166,10985,2018-10-31T17:11:43Z,PT10M11S
UN MYSTÈRE NON RÉSOLU,SQUEEZIE,https://www.youtube.com/watch?v=Z4O0pieCzws,13278370,595824,25061,2018-10-18T17:45:31Z,PT10M11S
JE NE DEVRAIS PAS EN PARLER,SQUEEZIE,https://www.youtube.com/watch?v=qJUw6HuF-Xk,12790910,551616,11133,2018-10-14T14:14:02Z,PT12M23S
CE JEU DEVRAIT ÊTRE INTERDIT !!!,SQUEEZIE,https://www.youtube.com/watch?v=wK_JMe8F4Ug,7737602,441080,20990,2018-10-09T17:51:02Z,PT10M16S
JE SURPRENDS 8 ABONNÉS AUTOUR DU MONDE ❤️🌍,SQUEEZIE,https://www.youtube.com/watch?v=XhM4uHNewAE,16239494,597367,41784,2018-10-04T16:00:56Z,PT1H5M46S
ON ESSAYE DES OBJETS « FARCES ET ATTRAPES » (ft McFly & Carlito),SQUEEZIE,https://www.youtube.com/watch?v=5b8WRVDNC9A,22584608,663053,23707,2018-09-28T17:52:55Z,PT10M26S
3 SCANDALES SUR SQUEEZIE...,SQUEEZIE,https://www.youtube.com/watch?v=KBfqmalp5xo,20083382,683679,21401,2018-09-24T17:13:02Z,PT10M52S
UNE AFFREUSE DÉCOUVERTE...,SQUEEZIE,https://www.youtube.com/watch?v=3A4RAbWnvVM,14917686,635200,30911,2018-09-19T16:08:14Z,PT14M38S
J'AI RENCONTRÉ MON SOSIE !,SQUEEZIE,https://www.youtube.com/watch?v=BPrE5QEsugQ,19989732,874299,25985,2018-09-14T17:11:15Z,PT10M46S
UNE ÉTRANGE CHAÎNE YOUTUBE...,SQUEEZIE,https://www.youtube.com/watch?v=bgluUp8VbaA,12667679,573914,43938,2018-09-09T11:44:43Z,PT15M36S
JE LIS DES CRITIQUES...,SQUEEZIE,https://www.youtube.com/watch?v=DY1IRXQH8fk,8123848,520441,23710,2018-09-05T18:01:07Z,PT12M2S
SQUEEZIE - PAS TOUT SEUL,SQUEEZIE,https://www.youtube.com/watch?v=R3Phv3h7GaA,9988861,788237,58534,2018-08-31T16:31:10Z,PT4M15S
À BIENTÔT ✌🏻,SQUEEZIE,https://www.youtube.com/watch?v=-ro7ZbLHVV8,4981796,408839,36237,2018-08-07T17:03:53Z,PT7M2S
3 RÉVÉLATIONS SUR SQUEEZIE,SQUEEZIE,https://www.youtube.com/watch?v=Uk7qtMV6HUM,18412936,701726,63972,2018-08-03T17:21:48Z,PT11M28S
MES 3 HISTOIRES D’HORREUR PRÉFÉRÉES,SQUEEZIE,https://www.youtube.com/watch?v=8YthjFKYpTY,16423723,620229,54903,2018-07-28T13:05:42Z,PT14M
CECI EST UNE FOIRE AUX QUESTIONS #2 (FAQ Squeezie),SQUEEZIE,https://www.youtube.com/watch?v=I3TzYJqVsxM,6544094,370486,27541,2018-07-22T16:13:52Z,PT13M51S
VOUS N'ALLEZ PAS FERMER L’ŒIL DE LA NUIT...,SQUEEZIE,https://www.youtube.com/watch?v=0GroFwBjZYs,15235797,584232,44581,2018-07-18T15:21:28Z,PT11M38S
LES PHOTOS DE MOI PETIT ET INNOCENT #2,SQUEEZIE,https://www.youtube.com/watch?v=HiCdWuMWYV0,9650592,436082,13872,2018-07-15T09:00:18Z,PT11M22S
LES ERREURS D’INGÉNIEURS...,SQUEEZIE,https://www.youtube.com/watch?v=QiDH3fWEDVU,33819460,730508,18165,2018-07-11T18:18:28Z,PT10M4S
NOTRE AMITIÉ SURVIVRA-T-ELLE ?!,SQUEEZIE,https://www.youtube.com/watch?v=r1uBR-2ZqJc,9642543,318846,7996,2018-07-07T16:33:45Z,PT16M44S
MES CHERS COMPATRIOTES...,SQUEEZIE,https://www.youtube.com/watch?v=fiNTJfBO5Y0,13268553,541897,24193,2018-07-03T18:05:19Z,PT14M23S
UNE HISTOIRE PARANORMALE...,SQUEEZIE,https://www.youtube.com/watch?v=6y5OUaMpCAA,15121228,635118,48846,2018-06-29T17:04:44Z,PT11M27S
CE JEU DÉTRÔNERA FORTNITE ! (non),SQUEEZIE,https://www.youtube.com/watch?v=2A0B2EgrtPE,11628525,469467,20004,2018-06-25T19:14:37Z,PT10M27S
LES AVIONS NOUS EMPOISONNENT-ILS ?,SQUEEZIE,https://www.youtube.com/watch?v=h_4Ve5B6nPc,7458917,368039,20432,2018-06-19T17:01:59Z,PT10M11S
LE TEST POUR ENTRER AU FBI (100% officiel),SQUEEZIE,https://www.youtube.com/watch?v=w_Be3vFdbCo,12738607,460957,20774,2018-06-16T16:43:53Z,PT12M44S
UNE AFFAIRE INQUIÉTANTE...,SQUEEZIE,https://www.youtube.com/watch?v=kWLViAbabpM,14040018,729217,50089,2018-06-13T16:24:43Z,PT8M52S
UNE HISTOIRE ANGOISSANTE...,SQUEEZIE,https://www.youtube.com/watch?v=3kPUyFEOMGM,18864529,660673,58041,2018-06-01T18:55:59Z,PT15M49S
J'AI RETROUVÉ MA CHAÎNE SECONDAIRE...,SQUEEZIE,https://www.youtube.com/watch?v=TurkUzz2uqI,10575301,507969,17229,2018-05-28T17:30:02Z,PT14M50S
QUI POSSÈDE LE MEILLEUR JOUET ? (ft Maxenss & Seb),SQUEEZIE,https://www.youtube.com/watch?v=0lAWLb1tv8s,15996949,466115,14872,2018-05-25T16:30:22Z,PT13M47S
CETTE NUIT VOUS NE DORMIREZ PAS,SQUEEZIE,https://www.youtube.com/watch?v=fZhIovdr8tM,16166478,597526,63834,2018-05-21T16:53:53Z,PT10M16S
LES STARS SONT-ELLES DES CLONES ?,SQUEEZIE,https://www.youtube.com/watch?v=86mpIs7_DpQ,10182915,403327,21477,2018-05-10T16:59:51Z,PT10M55S
UNE VIDÉO PAS DRÔLE MAIS INTÉRESSANTE #2,SQUEEZIE,https://www.youtube.com/watch?v=AFOB6NRugTA,5990776,332700,11647,2018-05-07T17:00:00Z,PT11M5S
SQUEEZIE - FREESTYLE DE POTES (ft Seb & Maxenss),SQUEEZIE,https://www.youtube.com/watch?v=Of_ERZE21hw,17743896,573053,46371,2018-05-04T16:38:33Z,PT4M53S
UN MESSAGE VOCAL FLIPPANT...,SQUEEZIE,https://www.youtube.com/watch?v=C-6FGEkeUag,14644013,589578,94140,2018-04-16T16:50:37Z,PT8M33S
Un message sincère,SQUEEZIE,https://www.youtube.com/watch?v=RDBprxmdKRQ,4634858,573188,61816,2018-04-14T15:35:23Z,PT7M38S
LE DERNIER CHALLENGE DU TOP 1...,SQUEEZIE,https://www.youtube.com/watch?v=VbvaPGLvmnI,6927912,288871,10640,2018-04-12T17:57:25Z,PT9M34S
LA VIDÉO COMME EN 2013,SQUEEZIE,https://www.youtube.com/watch?v=EuEXlALlCjE,5714100,310298,16619,2018-04-09T18:20:27Z,PT10M3S
"LE PLUS GROS CACHE-CACHE DE FRANCE ! (ft Carlito, Maxenss, Léo)",SQUEEZIE,https://www.youtube.com/watch?v=jq_8rxMaltw,23566910,1001405,37357,2018-04-02T18:02:26Z,PT19M34S
LES ROBOTS VONT-ILS DOMINER LE MONDE ?,SQUEEZIE,https://www.youtube.com/watch?v=HPM5FsypbM0,8135014,374767,19980,2018-03-30T17:05:14Z,PT11M5S
COMMENT S'OCCUPER D'UN BÉBÉ ?,SQUEEZIE,https://www.youtube.com/watch?v=il2XBlPuOi8,12573533,383795,14359,2018-03-27T17:55:29Z,PT10M5S
SUPPORTEREZ-VOUS CES IMAGES ?,SQUEEZIE,https://www.youtube.com/watch?v=PeLBnv-PUck,11280447,442769,112350,2018-03-24T17:01:26Z,PT10M53S
IL VA CHANGER VOTRE VIE SENTIMENTALE...,SQUEEZIE,https://www.youtube.com/watch?v=HgpVwGQszrQ,7075504,324746,10838,2018-03-21T18:26:11Z,PT10M31S
NOS SOUVENIRS SONT-ILS RÉELS ?,SQUEEZIE,https://www.youtube.com/watch?v=VnD8UUdekeo,8606344,388916,26200,2018-03-17T18:26:35Z,PT10M6S
COMMENT RÉUSSIR SUR YOUTUBE ?,SQUEEZIE,https://www.youtube.com/watch?v=RmuowP5HiAc,7054486,512057,31610,2018-03-09T17:15:17Z,PT8M8S
JE ME BALADE SUR VRCHAT #2 (w/ Amixem),SQUEEZIE,https://www.youtube.com/watch?v=iCYO-lhDwqg,8596007,387828,7778,2018-03-02T17:11:38Z,PT12M11S
LES PETITES ANNONCES AMÉRICAINES #2,SQUEEZIE,https://www.youtube.com/watch?v=3qXRYIdEHTU,6611880,263977,7817,2018-02-26T18:35:55Z,PT8M33S
SQUEEZIE - TOP 1,SQUEEZIE,https://www.youtube.com/watch?v=uGSu6mhk3RQ,50527229,975032,61490,2018-02-19T18:17:06Z,PT2M44S
JE ME BALADE SUR VRChat #1,SQUEEZIE,https://www.youtube.com/watch?v=6sRmWKMUofk,10699805,456178,27101,2018-02-14T18:25:31Z,PT10M56S
LA VÉRITÉ SUR MAXENSS ET MOI...,SQUEEZIE,https://www.youtube.com/watch?v=WzKusbeJti0,8077797,379032,22134,2018-02-12T17:00:11Z,PT10M41S
LE SQUEEZIE COMEDY CLUB,SQUEEZIE,https://www.youtube.com/watch?v=ADiZAwzA1TE,5969309,288650,13779,2018-02-03T17:01:01Z,PT10M36S
JE TESTE L'INTELLIGENCE DE MON CHIEN,SQUEEZIE,https://www.youtube.com/watch?v=hNS43l4qXvg,11760440,409133,17218,2018-01-31T12:02:35Z,PT9M7S
JE VOUS PIÈGE INCOGNITO,SQUEEZIE,https://www.youtube.com/watch?v=knf0PIXHFpg,13115867,545670,21652,2018-01-26T18:46:19Z,PT7M15S
LES PETITES ANNONCES AMÉRICAINES,SQUEEZIE,https://www.youtube.com/watch?v=sOoTg6ihsZM,8499015,327169,7021,2018-01-17T19:15:52Z,PT8M5S
JE PENSAIS ME DÉTENDRE...,SQUEEZIE,https://www.youtube.com/watch?v=l9FDSxN0mUc,14450607,444402,10769,2018-01-14T18:15:58Z,PT9M28S
J'AI CHANGÉ DE MÉTIER !,SQUEEZIE,https://www.youtube.com/watch?v=WqYCv4jry7U,8050579,409340,20292,2018-01-12T18:35:20Z,PT12M21S
CES 6 DERNIERS MOIS SUR YOUTUBE,SQUEEZIE,https://www.youtube.com/watch?v=yWAcSmtDr5U,3774269,323603,19672,2018-01-04T19:40:15Z,PT11M35S
J'AI RETROUVÉ MES DESSINS D'ENFANCE,SQUEEZIE,https://www.youtube.com/watch?v=oQEG2ALOCes,10529401,412145,14623,2017-12-29T17:19:17Z,PT7M48S
10 YOUTUBEUSES 1 CHALLENGE,SQUEEZIE,https://www.youtube.com/watch?v=T-7XRt4CxSw,12844165,430532,19208,2017-12-26T16:06:02Z,PT9M38S
ON A PLEURÉ DE RIRE ! (avec Cyprien & Seb),SQUEEZIE,https://www.youtube.com/watch?v=ePia7XI_1Ac,11992432,377535,6200,2017-12-23T16:16:31Z,PT15M6S
QUAND J’ÉTAIS ENFANT,SQUEEZIE,https://www.youtube.com/watch?v=OuwY9RJtB-I,16834736,578820,19596,2017-12-17T14:06:43Z,PT8M1S
J'AI REÇU UN COLIS ÉTRANGE...,SQUEEZIE,https://www.youtube.com/watch?v=vMyvqDdFfcU,9996466,390606,8985,2017-12-14T18:03:50Z,PT9M11S
1 CHALLENGE 10 YOUTUBEURS,SQUEEZIE,https://www.youtube.com/watch?v=wHTIs_pii8M,16287680,606057,21938,2017-12-11T16:24:33Z,PT11M43S
VOS MEILLEURES CRÉATIONS !,SQUEEZIE,https://www.youtube.com/watch?v=tnzYQfuRNy0,10074400,349536,7534,2017-12-08T18:45:15Z,PT12M1S
LE VRAI VISAGE DE NATSU,SQUEEZIE,https://www.youtube.com/watch?v=Snt5cBMw3IQ,26345216,663588,33685,2017-12-06T16:41:11Z,PT8M58S
LA VIDÉO DE LA NOSTALGIE,SQUEEZIE,https://www.youtube.com/watch?v=-0JHLsGYKGs,9216738,362813,27323,2017-12-02T18:51:26Z,PT10M10S
JE TRAITE MA PHOBIE...,SQUEEZIE,https://www.youtube.com/watch?v=e05rwHCTps0,16351963,462302,67606,2017-11-29T18:42:14Z,PT10M52S
CE JEU ME TRANSFORME EN SAIYAN,SQUEEZIE,https://www.youtube.com/watch?v=tbL61OdF8No,20150659,498526,19854,2017-11-27T18:20:34Z,PT8M12S
QUAND J’ÉTAIS ADOLESCENT,SQUEEZIE,https://www.youtube.com/watch?v=JHDDkxLsYDw,23253498,709164,24261,2017-11-24T17:42:29Z,PT10M2S
CETTE VIDÉO EST TRAGIQUE,SQUEEZIE,https://www.youtube.com/watch?v=54c_2LID52s,8946097,361469,13680,2017-11-22T17:32:46Z,PT8M3S
SQUEEZIE - FREESTYLE DE L'AUTODÉRISION,SQUEEZIE,https://www.youtube.com/watch?v=gN_L27itbTA,21799515,782784,46686,2017-11-18T19:14:12Z,PT2M25S
JE SORS UN LIVRE !,SQUEEZIE,https://www.youtube.com/watch?v=h2l8hC6hdlA,3478376,229121,10299,2017-11-16T16:16:30Z,PT4M17S
19 MINUTES DE SUSPENS,SQUEEZIE,https://www.youtube.com/watch?v=Ka7F4wf7O28,8288343,375640,15278,2017-11-14T17:53:33Z,PT19M6S
LES PIRES DOUBLAGES FRANÇAIS,SQUEEZIE,https://www.youtube.com/watch?v=exMNBvwCfRY,15894249,492451,17361,2017-11-10T18:25:25Z,PT10M33S
"1 MOIS APRÈS, JE REVOIS MON CHIEN",SQUEEZIE,https://www.youtube.com/watch?v=J4euyCeAtkM,22163749,674129,45451,2017-11-04T17:40:31Z,PT10M7S
JOUER À CE JEU = PERDRE UN AMI,SQUEEZIE,https://www.youtube.com/watch?v=BVgXJ69Fzj8,6187620,237695,5958,2017-10-31T16:41:56Z,PT7M6S
LEQUEL D'ENTRE NOUS EST...?,SQUEEZIE,https://www.youtube.com/watch?v=Nx_-ZJPJiEI,16040821,459320,12004,2017-10-28T17:53:23Z,PT9M11S
LE JEU DE MON ENFANCE,SQUEEZIE,https://www.youtube.com/watch?v=P_EJ051o8yQ,13464185,427156,18228,2017-10-25T15:43:31Z,PT8M48S
VOUS ALLEZ FINIR EN SUEUR,SQUEEZIE,https://www.youtube.com/watch?v=ZNoc9utfbpg,9915000,345283,11914,2017-10-23T16:10:27Z,PT11M5S
JE PIÈGE MES ABONNÉS SUR OMEGLE,SQUEEZIE,https://www.youtube.com/watch?v=f7E3EVpjjSo,11400750,519046,17108,2017-10-20T17:09:54Z,PT9M9S
SQUEEZIE VS NATURE,SQUEEZIE,https://www.youtube.com/watch?v=aTQZEP10BSo,5232046,242380,8045,2017-10-13T17:12:58Z,PT11M42S
VOUS NE DEVEZ PAS QUITTER LA VIDÉO,SQUEEZIE,https://www.youtube.com/watch?v=IhrcSaDesUA,11458654,443956,23589,2017-10-11T17:28:24Z,PT10M26S
J'AI FAILLI LE DÉSINSTALLER DE RAGE (Fangame #fin),SQUEEZIE,https://www.youtube.com/watch?v=HuZTZzVvZ1E,6194288,286716,7737,2017-10-08T17:34:01Z,PT8M27S
UN ABONNÉ M'A ENVOYÉ SON JEU,SQUEEZIE,https://www.youtube.com/watch?v=GGePC2J42WU,7852497,320936,9788,2017-10-07T15:08:07Z,PT10M20S
DANS UNE MINE 90 MÈTRES SOUS TERRE (vlog Canada #fin),SQUEEZIE,https://www.youtube.com/watch?v=JiuVSNualmE,2892271,190041,8500,2017-10-03T15:36:38Z,PT8M49S
SQUEEZIE - FREESTYLE DU DICO (ft Bigflo & Oli),SQUEEZIE,https://www.youtube.com/watch?v=fwKSENnZ7oM,47099107,1124710,55968,2017-09-30T16:43:40Z,PT3M8S
ON RE-FAIT UNE MUSIQUE EN 1H ! (ft Bigflo & Oli),SQUEEZIE,https://www.youtube.com/watch?v=CK1lGDlnR2I,13922253,629459,21810,2017-09-29T17:20:19Z,PT12M8S
ON ESSAYE DES OBJETS ÉTRANGES #2,SQUEEZIE,https://www.youtube.com/watch?v=qhPe8imp1XM,38466123,810841,27438,2017-09-27T17:50:55Z,PT10M49S
J'ADOPTE UN CHIEN !,SQUEEZIE,https://www.youtube.com/watch?v=Ga8Wfy-dTCQ,20835478,789607,61560,2017-09-23T15:52:58Z,PT9M35S
CET HOMME FRÔLE LA NOYADE (Vlog Canada #2),SQUEEZIE,https://www.youtube.com/watch?v=mz6qQALSzSA,4691591,238429,9778,2017-09-20T15:21:34Z,PT13M53S
J'AI EU LA PEUR DE MA VIE (Vlog Canada #1),SQUEEZIE,https://www.youtube.com/watch?v=oXmo946xIYA,6215328,256354,13343,2017-09-16T15:26:12Z,PT14M12S
"CETTE VIDÉO = RIRE ILLIMITÉ (avec McFly, Carlito & Maxenss)",SQUEEZIE,https://www.youtube.com/watch?v=vUO1RDgkVgE,18809090,502885,26868,2017-09-14T17:35:38Z,PT17M2S
LA VIDÉO PAS DRÔLE MAIS INTÉRESSANTE,SQUEEZIE,https://www.youtube.com/watch?v=6xqPKUx1WOI,9575272,486089,13806,2017-09-11T16:35:58Z,PT13M36S
VOS MEILLEURS MONTAGES PHOTO #2,SQUEEZIE,https://www.youtube.com/watch?v=2BWX2lWY584,14833722,432410,8699,2017-09-05T16:24:32Z,PT7M9S
COMMENT SÉDUIRE UNE FILLE ?,SQUEEZIE,https://www.youtube.com/watch?v=dqve5hStevY,7323248,350506,12750,2017-09-03T11:26:13Z,PT9M18S
ESSAYEZ DE TROUVER LE PAYS CORRESPONDANT,SQUEEZIE,https://www.youtube.com/watch?v=QEeta0MRv4s,8040492,278091,16513,2017-08-31T16:41:32Z,PT8M34S
VOS DESSINS LES PLUS FOUS !,SQUEEZIE,https://www.youtube.com/watch?v=us4byQZ3wtE,18988019,518352,20333,2017-08-28T17:53:13Z,PT12M21S
J'INFILTRE UN RÉSEAU D'ARNAQUEURS,SQUEEZIE,https://www.youtube.com/watch?v=U-9rn56VY-E,27396202,959266,40834,2017-08-22T17:14:59Z,PT10M2S
JE LANCE MON RÉSEAU SOCIAL (Startup Company),SQUEEZIE,https://www.youtube.com/watch?v=L0VexU10ZZo,5646236,257952,6369,2017-08-20T17:29:03Z,PT9M6S
UNE HISTOIRE INATTENDUE...,SQUEEZIE,https://www.youtube.com/watch?v=9RkpIrYsIf4,4293905,240759,11359,2017-08-17T18:53:19Z,PT8M25S
CE NIVEAU M'A RENDU DINGUE,SQUEEZIE,https://www.youtube.com/watch?v=XnjSNdSv7EQ,8408999,307718,14263,2017-08-15T17:00:01Z,PT7M31S
JE DÉCOUVRE MES ORIGINES...,SQUEEZIE,https://www.youtube.com/watch?v=xrkmdXyOaHg,7115047,330651,14890,2017-08-11T16:24:58Z,PT6M20S
SQUEEZIE : LES MEILLEURS MOMENTS,SQUEEZIE,https://www.youtube.com/watch?v=wQ62355LXd8,4361950,202912,4927,2017-08-08T16:04:43Z,PT10M15S
MON TATOUAGE DU CANADA,SQUEEZIE,https://www.youtube.com/watch?v=1_73cJ65MMs,3677085,195050,13041,2017-08-04T16:17:06Z,PT2M50S
LE PIRE SITE D'IMAGES TÉLÉCHARGEABLES,SQUEEZIE,https://www.youtube.com/watch?v=SQrCA0OOc20,7437671,270893,6423,2017-08-01T16:18:06Z,PT6M44S
SAVEZ-VOUS VRAIMENT PARLER FRANÇAIS ?,SQUEEZIE,https://www.youtube.com/watch?v=o5PioDAAW00,5180822,236092,8509,2017-07-29T15:45:54Z,PT7M42S
LES MEILLEURS MONTAGES PHOTO DE MOI,SQUEEZIE,https://www.youtube.com/watch?v=D9dl0Wyusok,10653832,419849,7089,2017-07-24T17:14:14Z,PT5M37S
CET OBJET NOUS A RENDUS FOUS,SQUEEZIE,https://www.youtube.com/watch?v=I6eHRMbd47s,23863010,594831,16483,2017-07-22T16:28:35Z,PT10M56S
À QUOI RESSEMBLAIT YOUTUBE IL Y A 6 ANS ?,SQUEEZIE,https://www.youtube.com/watch?v=tKSudPji8aU,8640154,354104,10527,2017-07-20T16:12:23Z,PT8M35S
Je ne me forcerai plus...,SQUEEZIE,https://www.youtube.com/watch?v=WzKAujAqFGw,4038351,405361,45220,2017-07-18T18:12:27Z,PT6M21S
CONNAISSEZ-VOUS VRAIMENT VOS AMIS ?,SQUEEZIE,https://www.youtube.com/watch?v=vMFTD21xyEk,18843932,538472,10954,2017-07-16T18:04:30Z,PT8M3S
ON FAIT UNE MUSIQUE EN 1H (ft Bigflo & Oli),SQUEEZIE,https://www.youtube.com/watch?v=iXuFg3wv1AA,24719445,771123,35148,2017-07-14T18:17:20Z,PT10M37S
J'ESSAYE DES OBJETS ÉTRANGES,SQUEEZIE,https://www.youtube.com/watch?v=6wMids1hD4U,13993664,456518,9397,2017-07-12T17:29:19Z,PT8M54S
TU CRIES TU PERDS CHALLENGE,SQUEEZIE,https://www.youtube.com/watch?v=CwADxbEAVnU,10988445,389414,42592,2017-07-11T17:24:05Z,PT12M21S
DEVINEZ LE PRIX DE CES OBJETS,SQUEEZIE,https://www.youtube.com/watch?v=2qN5Qhh-KZI,5558733,220910,5269,2017-07-09T15:51:51Z,PT9M11S
OÙ EST SQUEEZIE ?,SQUEEZIE,https://www.youtube.com/watch?v=Md8HdIT10ag,4743153,194957,6007,2017-07-07T16:27:51Z,PT6M57S
J'AI PRIS LA GROSSE TÊTE...,SQUEEZIE,https://www.youtube.com/watch?v=qmhlAi6hETI,11455980,425710,13368,2017-07-05T18:56:23Z,PT6M43S
MAKING OF - PLACEMENTS DE PRODUITS,SQUEEZIE,https://www.youtube.com/watch?v=p17z7K7CdVo,5175563,283361,8164,2017-07-03T16:15:54Z,PT8M2S
SQUEEZIE - PLACEMENTS DE PRODUITS (ft Maxenss),SQUEEZIE,https://www.youtube.com/watch?v=oFMh23ez5gw,39736588,981302,59591,2017-07-01T15:00:40Z,PT4M24S
"ON JOUE À ""TA MÈRE EN SLIP"" ! (avec Natoo, Cyprien & Julfou)",SQUEEZIE,https://www.youtube.com/watch?v=ZffTU2-koX8,9139402,309046,6683,2017-06-30T17:12:03Z,PT12M24S
CHOISIREZ-VOUS LA VIE OU LA MORT ?,SQUEEZIE,https://www.youtube.com/watch?v=y32mIxeOjP4,6464273,255373,7697,2017-06-28T15:19:26Z,PT8M23S
CES 365 DERNIERS JOURS SUR YOUTUBE,SQUEEZIE,https://www.youtube.com/watch?v=EvWKe0epXLk,4519555,411488,31287,2017-06-25T17:47:26Z,PT15M3S
J'ESSAYE DES LUNETTES ANTI-DALTONISME,SQUEEZIE,https://www.youtube.com/watch?v=_-K2gDm44zM,6514491,292179,8546,2017-06-20T17:11:22Z,PT7M55S
MA NOUVELLE CARRIÈRE,SQUEEZIE,https://www.youtube.com/watch?v=WFhwah3HxyU,11148997,318618,6799,2017-06-17T17:19:32Z,PT7M12S
LE MEILLEUR JEU ENTRE AMIS #2,SQUEEZIE,https://www.youtube.com/watch?v=lXxFBNo6Im8,8472860,320501,6684,2017-06-16T16:49:21Z,PT8M15S
CECI TRANSFORME TON DESSIN EN PHOTO #2,SQUEEZIE,https://www.youtube.com/watch?v=jvS4ACdE3Yw,6787792,240339,5217,2017-06-13T17:21:29Z,PT6M31S
LES JEUX QUAND T'AVAIS 8 ANS,SQUEEZIE,https://www.youtube.com/watch?v=h60xnxUmDiQ,10427198,333633,10479,2017-06-11T15:32:14Z,PT7M26S
LE MEILLEUR JEU ENTRE AMIS,SQUEEZIE,https://www.youtube.com/watch?v=P8PI1HqhxWw,15013312,472489,8531,2017-06-09T15:44:24Z,PT7M49S
LA VISITE GUIDÉE DE SQUEEZIE,SQUEEZIE,https://www.youtube.com/watch?v=kB7xcPqYHWQ,6828345,251232,10942,2017-06-07T16:38:03Z,PT7M32S
LES VIDÉOS DE MOI PETIT ET INNOCENT,SQUEEZIE,https://www.youtube.com/watch?v=sMnoK9JxZOQ,13415742,458759,12894,2017-06-06T18:19:43Z,PT8M54S
LES NOUVEAUX SITES WEB DU FUTUR,SQUEEZIE,https://www.youtube.com/watch?v=nAeITInLlww,8148311,262468,4914,2017-06-03T16:30:28Z,PT7M53S
JE SUIS DALTONIEN ! (pour de vrai),SQUEEZIE,https://www.youtube.com/watch?v=bSf6l6-7gwM,8523350,350627,41640,2017-05-31T16:13:27Z,PT6M33S
L'HISTOIRE D'UN MEC QUI VEUT PÉCHO...,SQUEEZIE,https://www.youtube.com/watch?v=LQT5Xhwc5JE,8181224,279181,6046,2017-05-27T16:19:04Z,PT9M19S
MON FRÈRE M'HUMILIE EN VIDÉO,SQUEEZIE,https://www.youtube.com/watch?v=Si6Dk2RwLDo,9300313,334066,7307,2017-05-26T16:06:18Z,PT7M33S
QUELLE NOTE A VOTRE CERVEAU ?,SQUEEZIE,https://www.youtube.com/watch?v=z7UnSnHqCAs,4509013,181767,5257,2017-05-24T17:29:22Z,PT6M52S
LES CHAÎNES YOUTUBE JAPONAISES,SQUEEZIE,https://www.youtube.com/watch?v=N_aMDX9LZmA,10107586,366382,12200,2017-05-23T17:19:04Z,PT9M12S
T'AS CHANGÉ SQUEEZIE (MUSIQUE),SQUEEZIE,https://www.youtube.com/watch?v=SG5c8fUS9c4,6339538,261111,14142,2017-05-20T17:18:14Z,PT3M54S
LA BRIGADE HAND SPINNER,SQUEEZIE,https://www.youtube.com/watch?v=OLGskr4Gzak,4459279,233812,11356,2017-05-19T16:29:16Z,PT2M10S
LES PIRES MONTAGES PHOTO,SQUEEZIE,https://www.youtube.com/watch?v=iB0DxwQEgmc,11857074,377764,7983,2017-05-17T17:58:06Z,PT7M
ESSAYEZ DE TROUVER LE NOM DE LA VILLE,SQUEEZIE,https://www.youtube.com/watch?v=6ID6Tu60JoQ,5022857,237574,8216,2017-05-16T17:25:12Z,PT7M23S
JE NE DÉCEVRAI PAS MON PEUPLE,SQUEEZIE,https://www.youtube.com/watch?v=y5mAYy8shXM,7849245,282577,6328,2017-05-14T15:18:39Z,PT8M17S
ESSAYEZ DE DEVINER LA LANGUE UTILISÉE,SQUEEZIE,https://www.youtube.com/watch?v=jUuP-qbpKd0,4480854,221014,11622,2017-05-12T16:28:59Z,PT7M45S
SQUEEZIE EST-IL NUL AUX JEUX VIDÉO ?,SQUEEZIE,https://www.youtube.com/watch?v=HxIogmldWoY,6006772,255110,10154,2017-05-10T17:31:04Z,PT7M20S
MANQUER DE PQ OU MANQUER DE DENTIFRICE ?,SQUEEZIE,https://www.youtube.com/watch?v=rvEwXV6UPRQ,15563271,400001,20338,2017-05-07T16:35:50Z,PT7M25S
LE PIRE MOMENT DU JEU (Outlast 2 fin),SQUEEZIE,https://www.youtube.com/watch?v=0K-SL7KIfM8,4002111,201188,13077,2017-05-06T16:21:49Z,PT45M8S
LE GÉNIE DU NOPE QUIZ !,SQUEEZIE,https://www.youtube.com/watch?v=F28eaPwJc-4,8672869,297027,6398,2017-05-05T15:48:38Z,PT9M5S
NE REGARDEZ PAS SANS COUCHE (Outlast 2 #5),SQUEEZIE,https://www.youtube.com/watch?v=r_vs7SG-bIM,3308740,125205,11456,2017-05-04T18:50:08Z,PT44M1S
LA CHANSON DU BRUIT (MUSIQUE),SQUEEZIE,https://www.youtube.com/watch?v=826VU7XSwOg,6295453,268470,20434,2017-05-03T16:47:33Z,PT2M48S
VISITE D'UN HÔPITAL ABANDONNÉ EN PLEINE FORÊT,SQUEEZIE,https://www.youtube.com/watch?v=WUTQACMsezw,5288193,236850,22601,2017-05-02T16:24:33Z,PT15M29S
VOUS N'OSEZ PLUS CLIQUER ?.. (Outlast 2 #4),SQUEEZIE,https://www.youtube.com/watch?v=6hjuhhmcIHE,3027926,127725,11419,2017-05-01T16:28:32Z,PT34M2S
DÉSHABILLER POUR SAUVER LE MONDE (Jeu incroyable),SQUEEZIE,https://www.youtube.com/watch?v=DzTNUn7AzGQ,8446118,230542,5524,2017-04-30T17:21:39Z,PT9M27S
VOUS N'EN DORMIREZ PLUS... (Outlast 2 #3),SQUEEZIE,https://www.youtube.com/watch?v=OCdIZelHh5I,3231663,124421,10280,2017-04-29T16:21:03Z,PT26M36S
COMMENT CONSTRUIRE SON PC GAMING ?,SQUEEZIE,https://www.youtube.com/watch?v=XgnQPw4mkyo,5697655,222589,4926,2017-04-28T17:09:31Z,PT6M51S
TON PANTALON APRÈS CETTE VIDÉO (Outlast 2 #2),SQUEEZIE,https://www.youtube.com/watch?v=U7CbwumGlxo,5000598,181949,13596,2017-04-27T16:23:51Z,PT38M44S
J'AI ATTENDU 3 ANS POUR Y JOUER ! (Outlast 2 #1),SQUEEZIE,https://www.youtube.com/watch?v=0QDj-ikuUu8,7872096,284051,19132,2017-04-25T15:17:30Z,PT25M12S
L’EXPÉRIENCE LA PLUS FOLLE DE MA VIE (vol 0g),SQUEEZIE,https://www.youtube.com/watch?v=KdrcHZv7eAA,9618891,393867,12978,2017-04-21T16:17:50Z,PT10M29S
LE MEILLEUR FACE SWAP,SQUEEZIE,https://www.youtube.com/watch?v=P_642xQtF2c,5652566,234648,6732,2017-04-20T16:31:27Z,PT9M56S
COMMENT DRAGUER SUR TINDER ?,SQUEEZIE,https://www.youtube.com/watch?v=3ozpiQ4m5nI,17208046,543869,11730,2017-04-18T17:11:50Z,PT8M57S
LE SIMULATEUR DE SOIRÉE AMÉRICAINE,SQUEEZIE,https://www.youtube.com/watch?v=eQTqPQ0SnVE,13389252,373054,14974,2017-04-16T14:43:25Z,PT8M51S
CE JEU PIÈGE TON CERVEAU,SQUEEZIE,https://www.youtube.com/watch?v=Eh58fhjWEPo,4593836,173605,5314,2017-04-14T17:43:15Z,PT9M36S
QUAND ILS CROISENT MON CHEMIN (Mirage: Arcane Warfare),SQUEEZIE,https://www.youtube.com/watch?v=LCby3yfV-Eg,3616842,126778,5002,2017-04-12T18:04:47Z,PT8M6S
QUE CHERCHENT LES GENS SUR INTERNET ?,SQUEEZIE,https://www.youtube.com/watch?v=GMUmBi2JUb8,7044229,266431,6368,2017-04-11T17:10:14Z,PT7M46S
MAKING OF - OVERWATCH RAP BATTLE,SQUEEZIE,https://www.youtube.com/watch?v=tCnGErZeqFw,5497750,181685,4964,2017-04-09T16:49:06Z,PT6M42S
OVERWATCH RAP BATTLE,SQUEEZIE,https://www.youtube.com/watch?v=_ZPpU7774DQ,69210123,1200971,79028,2017-04-07T15:31:14Z,PT5M25S
"JE TESTE LA ""RÉALITÉ MIXÉE""",SQUEEZIE,https://www.youtube.com/watch?v=WXFId_kyotI,7315271,226092,5739,2017-04-05T18:59:45Z,PT11M28S
STOP AU HARCÈLEMENT,SQUEEZIE,https://www.youtube.com/watch?v=YhRdjdGNCKE,5585639,511185,56253,2017-04-04T16:33:21Z,PT8M3S
JE M'AUTO GOOGLE,SQUEEZIE,https://www.youtube.com/watch?v=owLwbqEn_ns,12652605,441533,16084,2017-03-31T17:22:20Z,PT8M38S
VISITE D'UN HÔTEL ABANDONNÉ AU JAPON,SQUEEZIE,https://www.youtube.com/watch?v=gJuC7VDrSGY,4948547,200928,10449,2017-03-28T16:06:56Z,PT11M
MON NOUVEAU STYLE (Vlog Japon #3),SQUEEZIE,https://www.youtube.com/watch?v=f42xyvczZ3E,5604845,218924,5964,2017-03-26T15:05:39Z,PT10M3S
OÙ VA L'ARGENT DES ABONNÉS ? (Vlog Japon #1),SQUEEZIE,https://www.youtube.com/watch?v=fRk-Wgnrxz8,3294661,102810,2906,2017-03-24T16:32:34Z,PT9M8S
LE BAIN JAPONAIS QUI TE BRÛLE (Vlog Japon #2),SQUEEZIE,https://www.youtube.com/watch?v=JVi8lCQQtGo,9858874,305319,8614,2017-03-22T18:13:22Z,PT8M27S
AVEZ-VOUS CE TROUBLE ?,SQUEEZIE,https://www.youtube.com/watch?v=KmgCUFgfQOQ,4464398,207437,14958,2017-03-21T18:07:22Z,PT8M58S
SON NOM EST SQUEEZIE EASTWOOD (Compilation de jeux),SQUEEZIE,https://www.youtube.com/watch?v=HYoJxYVXFGc,8622468,239416,4685,2017-03-17T16:30:08Z,PT7M41S
CE JEU RÉAGIT AUX BRUITS !,SQUEEZIE,https://www.youtube.com/watch?v=fL_sb7nf3FY,20038937,510923,21117,2017-03-15T16:01:07Z,PT8M35S
LE MEILLEUR MOYEN D’APPRENDRE UNE LANGUE !,SQUEEZIE,https://www.youtube.com/watch?v=eEEg3RMhZLg,3566827,189636,7200,2017-03-11T17:41:47Z,PT7M36S
LES HAUCHARD PARTENT AU JAPON,SQUEEZIE,https://www.youtube.com/watch?v=3t77hjru6fE,2103622,122521,4039,2017-03-10T16:34:23Z,PT3M29S
LE PRIME,SQUEEZIE,https://www.youtube.com/watch?v=5sNNzWVhGVQ,2889380,138716,8531,2017-03-09T19:41:58Z,PT21M29S
TOUT LE MONDE ÉCOUTE LE CAPITAINE !,SQUEEZIE,https://www.youtube.com/watch?v=KIJyMU-lO9Y,5790185,200445,6424,2017-03-07T19:35:07Z,PT9M6S
MON PLUS GROS PROJET,SQUEEZIE,https://www.youtube.com/watch?v=23RtNcSKUJw,3294356,196252,14297,2017-03-06T18:57:07Z,PT4M23S
UNE NOUVELLE FORME DE MASSAGE...,SQUEEZIE,https://www.youtube.com/watch?v=FLtMPJSh0AQ,6315238,204072,4766,2017-03-04T16:56:35Z,PT8M24S
CECI TRANSFORME TON DESSIN EN PHOTO,SQUEEZIE,https://www.youtube.com/watch?v=mmo217AwfjI,9086826,273640,7560,2017-03-03T18:19:15Z,PT8M59S
J'AI SUIVI L'ENTRAÎNEMENT D'UN ASTRONAUTE,SQUEEZIE,https://www.youtube.com/watch?v=XLC5EagMK1I,6435088,266993,9337,2017-03-01T19:20:37Z,PT13M47S
MON NOUVEAU PROBLÈME...,SQUEEZIE,https://www.youtube.com/watch?v=QUoymPzclj8,12101017,520115,27319,2017-02-24T18:17:37Z,PT6M9S
CE JEU MET À L'ÉPREUVE TON CERVEAU,SQUEEZIE,https://www.youtube.com/watch?v=ykYLskMUSC0,9907952,331607,6528,2017-02-21T19:09:30Z,PT8M29S
100% DE CHANCE ! (Mise à jour Nope Quiz),SQUEEZIE,https://www.youtube.com/watch?v=boZAodfNSXk,8829819,303463,7580,2017-02-18T16:48:11Z,PT8M13S
LA FIGURINE QUI COÛTAIT 300€,SQUEEZIE,https://www.youtube.com/watch?v=CUEwe-P-U6c,10981793,299323,10158,2017-02-15T18:51:31Z,PT10M1S
LE JEU QUI TE MET BIEN,SQUEEZIE,https://www.youtube.com/watch?v=W5fEVDM_E0g,5667399,230773,9403,2017-02-14T18:17:05Z,PT6M32S
CETTE LAME A DÉCOUPÉ MICKA (For Honor),SQUEEZIE,https://www.youtube.com/watch?v=Rk7ndCISJw0,3252704,121316,3533,2017-02-10T19:55:25Z,PT6M50S
LA VIDÉO SCANDALEUSE,SQUEEZIE,https://www.youtube.com/watch?v=eWQhrzudo9k,6975096,255740,7854,2017-02-08T19:10:55Z,PT6M42S
QUI SUIS-JE VRAIMENT ?,SQUEEZIE,https://www.youtube.com/watch?v=cA3jkKH8Vy0,6195400,288469,31908,2017-02-07T18:48:37Z,PT10M34S
DESCENTE AUX CATACOMBES INTERDITES...,SQUEEZIE,https://www.youtube.com/watch?v=6Q8Hw3XCwhs,9578532,349199,19396,2017-02-04T11:59:59Z,PT21M40S
LES JEUX OLYMPIQUES DE LA CONNERIE,SQUEEZIE,https://www.youtube.com/watch?v=OwwJRRQMNcE,7872707,294074,5900,2017-02-03T19:45:13Z,PT8M44S
VRAI OU FAUX ?,SQUEEZIE,https://www.youtube.com/watch?v=rQQ5p3uaOe8,4241364,181280,5523,2017-02-01T17:59:27Z,PT6M31S
JE RÉAGIS AUX GENS QUI RÉAGISSENT À MOI QUI RÉAGIS,SQUEEZIE,https://www.youtube.com/watch?v=_-qk8EeNMts,9051299,422041,13817,2017-01-31T18:49:24Z,PT8M5S
INSPECTEUR SQUEEZIE : SA PLUS GRANDE ENQUÊTE,SQUEEZIE,https://www.youtube.com/watch?v=wos4y4Z2Z2s,5283286,188458,12816,2017-01-28T16:41:07Z,PT40M28S
MON VOISIN ME TRAQUE... (Hello Neighbor #2),SQUEEZIE,https://www.youtube.com/watch?v=vaWoh1npZVY,9533127,409581,12980,2017-01-27T17:46:09Z,PT10M2S
LE JEU VIDÉO DES CULOTTES !,SQUEEZIE,https://www.youtube.com/watch?v=bzifzvhgwQw,3297383,126281,4791,2017-01-25T19:16:04Z,PT7M12S
FAIL OU RÉUSSITE ?,SQUEEZIE,https://www.youtube.com/watch?v=8dYXrQL9A6U,5719684,192843,9192,2017-01-24T17:06:43Z,PT11M27S
QUAND TON POTE BUG SUR UN JEU VIDÉO,SQUEEZIE,https://www.youtube.com/watch?v=nVdq6nWfHUo,4917000,164830,4181,2017-01-22T16:53:30Z,PT7M6S
LE TRYHARDER DE LA PLEINE LUNE,SQUEEZIE,https://www.youtube.com/watch?v=3YPqIOi3T0Q,5942925,254079,12006,2017-01-18T19:40:40Z,PT9M48S
JE PLEURE DEVANT MES ABONNÉS,SQUEEZIE,https://www.youtube.com/watch?v=2KcTwRtVaNg,12113301,382480,15227,2017-01-17T16:37:34Z,PT6M29S
UN DÉLIRE DE MEC BOURRÉ (Compilation de jeux),SQUEEZIE,https://www.youtube.com/watch?v=g_-bbuRPLwo,13680158,349702,5929,2017-01-14T17:55:05Z,PT7M2S
MON JEU DE SOCIÉTÉ PRÉFÉRÉ !,SQUEEZIE,https://www.youtube.com/watch?v=AYTRWONDV6w,11460450,355404,9709,2017-01-13T18:22:41Z,PT10M4S
LE POISSON-PÉNIS D'ASIE !,SQUEEZIE,https://www.youtube.com/watch?v=Jslsi62utWM,6932205,276089,9644,2017-01-08T16:57:18Z,PT6M28S
J'AI TIRÉ AVEC UNE ARME À FEU,SQUEEZIE,https://www.youtube.com/watch?v=zw0ri-YBaX0,5182806,233472,9920,2017-01-06T18:05:14Z,PT6M42S
MON NOUVEAU TATOUAGE !,SQUEEZIE,https://www.youtube.com/watch?v=4vMT601s54Y,7387993,330844,16352,2017-01-03T17:49:44Z,PT7M51S
CECI EST UN ÉCUREUIL,SQUEEZIE,https://www.youtube.com/watch?v=_MG18P6hjTI,5106519,207443,10481,2016-12-30T18:52:53Z,PT7M14S
MON PEUPLE M'ADORE (Sort The Court),SQUEEZIE,https://www.youtube.com/watch?v=s_Z72CVZCY8,13897136,332852,7149,2016-12-28T17:41:36Z,PT7M14S
LES CHAÎNES YOUTUBE CORÉENNES,SQUEEZIE,https://www.youtube.com/watch?v=qGwaz1vQQOE,14168086,466556,28205,2016-12-27T17:00:13Z,PT8M9S
Merci pour cette année,SQUEEZIE,https://www.youtube.com/watch?v=DixFGyXn7Oc,2707667,235053,23532,2016-12-26T18:14:51Z,PT6M53S
MES PIRES HONTES...,SQUEEZIE,https://www.youtube.com/watch?v=YUiD53_0MeI,15569272,478268,16939,2016-12-24T15:52:08Z,PT9M40S
"17 JOURS PLUS TARD, IL RELANCE LE JEU...",SQUEEZIE,https://www.youtube.com/watch?v=KY7-Tu5yaJc,11259183,271290,11296,2016-12-23T16:55:43Z,PT10M34S
LE NOPE QUIZ DE CYPRIEN !,SQUEEZIE,https://www.youtube.com/watch?v=9SuJ2CE54ds,13881323,415075,44560,2016-12-21T21:07:39Z,PT10M17S
"S'IL VOUS PLAÎT, NE TOUCHEZ À RIEN !",SQUEEZIE,https://www.youtube.com/watch?v=vc-NfMJU6nY,13279233,333966,11372,2016-12-20T18:31:34Z,PT8M56S
LA 1000ÈME VIDÉO,SQUEEZIE,https://www.youtube.com/watch?v=7Nwg6yrRlyU,5341474,326571,72599,2016-12-19T18:36:26Z,PT12M53S
J'AI PLEURÉ DEVANT CE CHEF D’ŒUVRE (The Last Guardian FIN),SQUEEZIE,https://www.youtube.com/watch?v=lrnazIq--RU,5866438,315991,56074,2016-12-18T18:29:29Z,PT36M35S
ILS ONT MODÉLISÉ MA MAISON !,SQUEEZIE,https://www.youtube.com/watch?v=HkmAHCKlOHo,7243175,307058,11636,2016-12-17T18:00:42Z,PT12M43S
IL EST MORT ?.. (The Last Guardian #7),SQUEEZIE,https://www.youtube.com/watch?v=HMGmnwxaLzM,3168342,149453,11713,2016-12-17T14:30:32Z,PT21M43S
"ES-TU UNE BONNE OU MAUVAISE PERSONNE ? (Dude, Stop)",SQUEEZIE,https://www.youtube.com/watch?v=SAZodu0pQG4,6711182,205720,4889,2016-12-16T18:50:37Z,PT6M36S
CE N'EST PAS LA QUEUE DE TRICO... (The Last Guardian #6),SQUEEZIE,https://www.youtube.com/watch?v=SvzRWMpKcfQ,3503396,148583,12017,2016-12-15T18:48:02Z,PT23M45S
À QUOI VENONS-NOUS DE JOUER ?!,SQUEEZIE,https://www.youtube.com/watch?v=CeO_axE8h-g,4717357,191837,8976,2016-12-14T19:01:38Z,PT6M34S
MOURIR DANS UN ÉBOULEMENT ?! (The Last Guardian #5),SQUEEZIE,https://www.youtube.com/watch?v=o50L0nnmQws,3392647,152890,10324,2016-12-13T19:34:47Z,PT24M22S
JE SUPPRIME MA CHAÎNE SI TU LIKES PAS,SQUEEZIE,https://www.youtube.com/watch?v=YKsW6DSWMNg,8214012,1074148,53389,2016-12-12T18:49:59Z,PT5M27S
LA CHUTE DE TRICO ?! (The Last Guardian #4),SQUEEZIE,https://www.youtube.com/watch?v=GPQF0DhBnI8,3863276,197578,15912,2016-12-11T18:47:29Z,PT25M56S
S'INFILTRER OU SE FAIRE KIDNAPPER (The Last Guardian #3),SQUEEZIE,https://www.youtube.com/watch?v=raSKTwY7x8I,3661997,150303,9186,2016-12-10T17:33:19Z,PT20M38S
CRÉONS LE MEILLEUR PARC D'ATTRACTION DU MONDE,SQUEEZIE,https://www.youtube.com/watch?v=YadiWCfCEXk,16137852,374062,10411,2016-12-09T19:24:58Z,PT8M17S
UNE DEUXIÈME BÊTE ?! (The Last Guardian #2),SQUEEZIE,https://www.youtube.com/watch?v=HHmizvVsRgs,5127127,176912,9003,2016-12-08T17:06:33Z,PT24M28S
SQUEEZIE INTERVIEW 2016 (animation),SQUEEZIE,https://www.youtube.com/watch?v=scd7TOtMYrk,1615067,83555,1991,2016-12-08T16:18:28Z,PT1M36S
QUAND CHAQUE JOUR EST UN LUNDI (c'est le nom du jeu),SQUEEZIE,https://www.youtube.com/watch?v=wGk9OysUkCU,10158656,321820,8807,2016-12-07T17:20:00Z,PT7M12S
J'AI UN PROBLÈME...,SQUEEZIE,https://www.youtube.com/watch?v=RIN7A6zYKm4,10519027,356894,16550,2016-12-06T19:23:37Z,PT6M31S
CET ANIMAL = 30 FOIS MA TAILLE ! (The Last Guardian #1),SQUEEZIE,https://www.youtube.com/watch?v=JinTG_9ODuY,8785970,331889,25696,2016-12-05T19:52:52Z,PT24M57S
LE SIMULATEUR DE BATAILLES ULTRA RÉALISTE,SQUEEZIE,https://www.youtube.com/watch?v=F0Nil2_OCeE,14852079,459446,22071,2016-12-03T17:55:08Z,PT10M28S
CROYEZ-VOUS AU PARANORMAL ?,SQUEEZIE,https://www.youtube.com/watch?v=r-9LWT_Bf6s,9858920,325749,18262,2016-12-02T17:00:08Z,PT8M45S
JUSQU’OÙ IREZ-VOUS POUR SAUVER QUELQU'UN ? (Don't Take This Risk),SQUEEZIE,https://www.youtube.com/watch?v=1crwIuvmGo8,4904551,192062,10801,2016-11-30T19:40:22Z,PT8M27S
COMMENT NE PAS ENTENDRE LES RAGEUX ?,SQUEEZIE,https://www.youtube.com/watch?v=Ke2xki62Pe4,3675910,213845,7456,2016-11-29T19:11:09Z,PT6M22S
INVOQUER UN ESPRIT EN RÉALITÉ VIRTUELLE (Bloody Mary),SQUEEZIE,https://www.youtube.com/watch?v=trk6QfTFuC0,6826923,196990,6906,2016-11-28T18:16:42Z,PT6M50S
L'ÉTAT GRIPPAL,SQUEEZIE,https://www.youtube.com/watch?v=xjgGJkIvcSs,3701189,231320,20912,2016-11-26T16:06:18Z,PT4M40S
J'AI PAS D’IDÉE DE TITRE MAIS LE JEU FAIT PEUR,SQUEEZIE,https://www.youtube.com/watch?v=SMinKZN0tOY,3978767,143222,8657,2016-11-25T17:06:11Z,PT8M15S
IL EST DE RETOUR...,SQUEEZIE,https://www.youtube.com/watch?v=SiEg-Gh3qDI,8222641,231535,8061,2016-11-23T19:29:33Z,PT6M14S
L’ÉPREUVE DU VERTIGE (HTC Vive),SQUEEZIE,https://www.youtube.com/watch?v=Pi1zViUr20I,6229152,301523,5592,2016-11-22T18:49:31Z,PT4M44S
J'SAIS PAS SI VOUS AVEZ REMARQUÉ... (Slap The Fly),SQUEEZIE,https://www.youtube.com/watch?v=sdmgpR_GhC0,9282362,275925,6167,2016-11-18T17:31:40Z,PT7M11S
CE JEU VA VOUS TRAUMATISER (-18),SQUEEZIE,https://www.youtube.com/watch?v=qxydJB25HXA,9847781,360461,22393,2016-11-16T17:14:48Z,PT10M13S
J'OUVRE MON SALON ! (Trimmer Tycoon),SQUEEZIE,https://www.youtube.com/watch?v=jg8-7leJdzA,8952770,220957,5746,2016-11-15T18:26:46Z,PT7M2S
QUEL ARTICLE ILLUSTRE CETTE IMAGE ?,SQUEEZIE,https://www.youtube.com/watch?v=t3wLLzFm8j8,3641166,142226,3010,2016-11-13T18:02:06Z,PT6M15S
L'ENQUÊTE DU TÉLÉPHONE PERDU,SQUEEZIE,https://www.youtube.com/watch?v=yFcmWDgxZj4,10838338,465363,18158,2016-11-11T16:49:04Z,PT11M
SOCIOLOGIE AVEC PROFESSEUR SQUEEZIE,SQUEEZIE,https://www.youtube.com/watch?v=U4EmdYDHjnA,10660026,440802,5843,2016-11-10T17:31:18Z,PT7M
ON EMBRASSE ENFIN SENPAI ?!,SQUEEZIE,https://www.youtube.com/watch?v=fle7YiYwxxk,13770955,323546,10107,2016-11-09T17:12:50Z,PT8M5S
MES BIDES...,SQUEEZIE,https://www.youtube.com/watch?v=-MFQ7NIKUIA,9730717,311266,8798,2016-11-04T17:58:22Z,PT6M29S
CLASH : SQUEEZIE VS KEMAR (animé par BattleWTF),SQUEEZIE,https://www.youtube.com/watch?v=ZI8NZ8rHkiE,3427162,151497,8150,2016-11-02T18:24:14Z,PT2M19S
LES NOUVEAUX COMMENTAIRES YOUTUBE,SQUEEZIE,https://www.youtube.com/watch?v=l6vj9Pmae24,7167574,293852,47983,2016-11-01T17:35:49Z,PT7M20S
COMMENT DEVENIR UN NINJA ? (VRNinja),SQUEEZIE,https://www.youtube.com/watch?v=lRWqouGpfNA,3734084,117392,5598,2016-10-31T16:39:34Z,PT6M51S
5 ANS PLUS TÔT...,SQUEEZIE,https://www.youtube.com/watch?v=Krb-iKI27HU,8809008,326255,24123,2016-10-28T17:32:22Z,PT11M58S
SQUEEZIE VS LE PING PONG,SQUEEZIE,https://www.youtube.com/watch?v=m4GaMy2MsEQ,4543598,131474,6871,2016-10-26T17:16:17Z,PT7M18S
CE JEU EXPLOSE TON CERVEAU (Echoplex),SQUEEZIE,https://www.youtube.com/watch?v=4mFr5Tsyd8I,5652389,182318,7596,2016-10-25T16:38:07Z,PT6M55S
HAPPY WHEELS 3D : LA SUITE !,SQUEEZIE,https://www.youtube.com/watch?v=-C-7zGaALr8,3710556,122410,8245,2016-10-24T15:18:15Z,PT5M25S
J'ESPIONNE MON VOISIN FOU ! (Hello Neighbor),SQUEEZIE,https://www.youtube.com/watch?v=Ag6lMfBkmCU,11520155,281236,12685,2016-10-21T16:10:50Z,PT7M3S
ESSAYEZ DE NE PAS ÊTRE MAL À L'AISE/RIRE,SQUEEZIE,https://www.youtube.com/watch?v=NBU8GBD_Zcg,15837662,366424,10605,2016-10-19T16:31:05Z,PT8M26S
LIBÉRONS LES FILLES D'ANIMÉS !,SQUEEZIE,https://www.youtube.com/watch?v=NdLIKxKV-ZA,5237123,187028,7004,2016-10-18T17:09:51Z,PT5M18S
PERSONNE NE S'ATTEND À CETTE VIDEO...,SQUEEZIE,https://www.youtube.com/watch?v=Ua-D8_wG5_s,6201959,195014,11420,2016-10-17T15:42:22Z,PT7M41S
MON SETUP 2016,SQUEEZIE,https://www.youtube.com/watch?v=VeqqXd_fLzg,8802698,302268,12404,2016-10-14T15:38:42Z,PT4M52S
LE SAUVETAGE DE TRUMP !,SQUEEZIE,https://www.youtube.com/watch?v=ibpiFkWKYXE,16879645,307957,13598,2016-10-12T18:28:38Z,PT6M26S
TORTURE EN RÉALITÉ VIRTUELLE...,SQUEEZIE,https://www.youtube.com/watch?v=-oyu45l9D2E,8022068,219363,6162,2016-10-11T16:29:44Z,PT4M22S
6 MINUTES POUR SE CULTIVER !,SQUEEZIE,https://www.youtube.com/watch?v=fmiMC7qZOWc,3832175,152077,14072,2016-10-10T17:08:01Z,PT6M13S
FAKE OU VRAIE PHOTO ?,SQUEEZIE,https://www.youtube.com/watch?v=N5dUa0qYPIY,8897147,198914,7491,2016-10-07T16:56:50Z,PT4M58S
LE CRI LE PLUS VIRIL DE 2016 ! (Outlast 2),SQUEEZIE,https://www.youtube.com/watch?v=CHEwTzC7DBA,3555565,142777,15555,2016-10-05T17:03:47Z,PT8M20S
LE FLÉAU DE YOUTUBE,SQUEEZIE,https://www.youtube.com/watch?v=ag_cTECkawc,7552993,363704,104138,2016-10-04T17:03:14Z,PT5M47S
LA LEÇON MUSICALE ♫,SQUEEZIE,https://www.youtube.com/watch?v=dAAKPzloL50,5889267,211799,9247,2016-09-30T16:09:55Z,PT5M59S
EL PILOTATOR SUR ZLAP.IO,SQUEEZIE,https://www.youtube.com/watch?v=6QgiiHrw-nA,3527075,123253,4850,2016-09-28T17:33:39Z,PT5M30S
QUI SE CACHE DANS UNE BOÎTE ? (What The Box),SQUEEZIE,https://www.youtube.com/watch?v=FA0hClb8vJA,13148333,266719,6916,2016-09-27T18:44:59Z,PT8M16S
QUEL YOUTUBER ES-TU ?,SQUEEZIE,https://www.youtube.com/watch?v=UWffOvhEzD8,6673470,183228,10738,2016-09-26T16:35:54Z,PT4M48S
SQUEEZIE LE HACKER SUR WATCH DOGS 2,SQUEEZIE,https://www.youtube.com/watch?v=5Tt1QnkOw44,6222592,177264,5672,2016-09-23T16:38:09Z,PT6M30S
LE MÂCHE-MOTS !,SQUEEZIE,https://www.youtube.com/watch?v=pN866ZoYqS4,4773425,152654,7610,2016-09-21T17:26:28Z,PT7M42S
QUI A LA PLUS GROSSE ?,SQUEEZIE,https://www.youtube.com/watch?v=nddVKmd_qTk,6414657,185590,8496,2016-09-20T17:43:10Z,PT5M24S
LA FIN DU RETOUR DE STALINE,SQUEEZIE,https://www.youtube.com/watch?v=K8oQqTNwHfI,3620170,110043,2801,2016-09-19T16:03:50Z,PT6M17S
LA MALADIE DEVANT UN JEU VIDÉO,SQUEEZIE,https://www.youtube.com/watch?v=6_3mNHR8hGs,5999934,194328,5947,2016-09-16T16:33:32Z,PT5M54S
QUI EST LE MEILLEUR PÈRE ? (Who's Your Daddy),SQUEEZIE,https://www.youtube.com/watch?v=HFFYLAYzLE0,11500354,235176,9182,2016-09-15T15:44:25Z,PT8M9S
LE RETOUR DE STALINE,SQUEEZIE,https://www.youtube.com/watch?v=tO8kDqsC0f4,6623597,192236,6760,2016-09-14T16:52:34Z,PT7M29S
YOUTUBE EN VHS ! (Compilation de jeux),SQUEEZIE,https://www.youtube.com/watch?v=rTbPruA4gVM,4976428,167052,6665,2016-09-13T16:27:20Z,PT7M52S
COMMENT TRICHER EN COURS ? (Highschool 101),SQUEEZIE,https://www.youtube.com/watch?v=iF-fldYNdzA,6999486,193743,5306,2016-09-09T18:16:27Z,PT7M23S
JOUE AVEC MOI ! (Jeu d'horreur français),SQUEEZIE,https://www.youtube.com/watch?v=vtMAjyeyj4A,7802946,192920,13008,2016-09-07T16:44:31Z,PT5M51S
CLASH YOUTUBE GAME,SQUEEZIE,https://www.youtube.com/watch?v=PE2QTLuTke8,13879102,477483,39193,2016-09-06T15:42:18Z,PT5M10S
LE GÉNÉRATEUR DE MONSTRES !,SQUEEZIE,https://www.youtube.com/watch?v=09nm2pVo8Eg,3859560,136650,4290,2016-09-05T17:57:52Z,PT5M18S
LE KAKASUTRA,SQUEEZIE,https://www.youtube.com/watch?v=GyFQMrltLCE,7320954,229956,16269,2016-09-02T18:55:46Z,PT1M47S
LE TATOUAGE !,SQUEEZIE,https://www.youtube.com/watch?v=GiKf_32rJF8,6231895,230277,24295,2016-08-31T16:58:19Z,PT4M24S
Le jeu comme Dark Souls mais c'est pas Dark Souls,SQUEEZIE,https://www.youtube.com/watch?v=VOQrmgoelIU,3114630,97836,7438,2016-08-30T19:29:12Z,PT8M3S
GUIDE DE SURVIE POUR ALIEN ! (Compilation de jeux),SQUEEZIE,https://www.youtube.com/watch?v=i09zwM5Ofa4,8006991,167055,6225,2016-08-29T19:40:49Z,PT6M19S
SENTIR LES ODEURS DANS UN JEU ! (Nosulus Rift),SQUEEZIE,https://www.youtube.com/watch?v=FkTo5Nulu-w,18681796,337453,13066,2016-08-26T15:43:12Z,PT8M43S
JOUONS À VOS JEUX !,SQUEEZIE,https://www.youtube.com/watch?v=ewijgZltoA8,5944862,174546,7089,2016-08-24T18:34:17Z,PT6M49S
ESSAYEZ DE NE PAS ÊTRE MAL À L'AISE,SQUEEZIE,https://www.youtube.com/watch?v=3DoBmxgWXv4,26392012,605981,32897,2016-08-23T18:27:09Z,PT11M22S
LE NOUVEAU JEU .IO FANTASTIQUE,SQUEEZIE,https://www.youtube.com/watch?v=mhwrJ_67oiY,6980212,172635,8568,2016-08-22T19:18:26Z,PT6M19S
LA RÉPONSE DE JOHNNY CRYING,SQUEEZIE,https://www.youtube.com/watch?v=-73Cypk3Gqc,5880264,190538,23708,2016-08-20T19:00:06Z,PT4M58S
MON PLUS GRAND FAN,SQUEEZIE,https://www.youtube.com/watch?v=pR2wW8iZnns,7075280,223930,26634,2016-08-19T18:04:17Z,PT6M32S
UNE SURPRISE POUR MON FRÈRE ! (Vlog),SQUEEZIE,https://www.youtube.com/watch?v=jBtZj-D47Nk,10426444,307070,28676,2016-08-17T19:12:57Z,PT12M35S
JeuHorreurPasOuf.exe,SQUEEZIE,https://www.youtube.com/watch?v=KsiCtmzhVSI,3843956,117908,9011,2016-08-15T16:38:42Z,PT8M5S
LES PIRES RECHERCHES GOOGLE ! (Google Feud #2),SQUEEZIE,https://www.youtube.com/watch?v=-lGxQIXEM6Q,8701454,210899,10447,2016-08-12T12:25:02Z,PT5M33S
SQUEEZIE VS LA BOXE,SQUEEZIE,https://www.youtube.com/watch?v=VSOaKQqAAGM,5467471,153776,6797,2016-08-10T15:56:30Z,PT7M17S
LES SITES WEB DU FUTUR #2,SQUEEZIE,https://www.youtube.com/watch?v=QWeZKEkyFpo,8027502,186917,6590,2016-08-08T15:12:20Z,PT6M1S
LA 2NDE GUERRE MONDIALE EN RÉALITÉ VIRTUELLE,SQUEEZIE,https://www.youtube.com/watch?v=LAuJSdfIw04,6960400,158120,6018,2016-08-05T18:39:20Z,PT7M35S
FÉTICHISTE OU PODOPHOBE ? (Ashi Wash),SQUEEZIE,https://www.youtube.com/watch?v=TuQPMO4-RTU,6038030,188127,7099,2016-08-03T17:20:52Z,PT4M25S
POKÉMON GO : L'EXPERT EN MER,SQUEEZIE,https://www.youtube.com/watch?v=K8o1aITO9XI,13484385,398213,28379,2016-08-01T18:00:29Z,PT7M
LES SITES WEB DU FUTUR,SQUEEZIE,https://www.youtube.com/watch?v=06pj3w1c6l4,8728840,212864,10412,2016-07-29T16:40:34Z,PT7M11S
LE NOUVEAU HAPPY WHEELS !,SQUEEZIE,https://www.youtube.com/watch?v=foxnnTHflR8,5482954,157564,6500,2016-07-27T18:20:39Z,PT5M1S
COMMENT DEVENIR RÉPUGNANTE ? (Douchebag Chick),SQUEEZIE,https://www.youtube.com/watch?v=uncclcBXFss,14101065,297538,10748,2016-07-26T17:31:02Z,PT6M33S
OBJECTIF : S’ÉCHAPPER D'UNE PIÈCE (Vacate The Room),SQUEEZIE,https://www.youtube.com/watch?v=ZzkWwZRjoHY,5332548,150827,5007,2016-07-25T15:46:12Z,PT6M22S
POKÉMON GO : LE RETOUR D'UN EXPERT,SQUEEZIE,https://www.youtube.com/watch?v=XFKgt54zPlM,17681013,472343,37157,2016-07-22T17:37:23Z,PT6M57S
ON A CASSÉ AKINATOR !,SQUEEZIE,https://www.youtube.com/watch?v=RP7IAqCwyuM,17342309,402860,16608,2016-07-20T18:58:43Z,PT4M11S
LE LANCER DE BÉBÉS ! (Rescuties!),SQUEEZIE,https://www.youtube.com/watch?v=4BrIhgbxODc,2541339,76331,4631,2016-07-19T17:49:28Z,PT5M13S
JE ME FAIS HACKER ?! (Welcome To The Game),SQUEEZIE,https://www.youtube.com/watch?v=ryXwH86gZdY,5828788,153302,9120,2016-07-18T18:38:36Z,PT7M20S
POKÉMON GO : LA CHASSE D'UN EXPERT,SQUEEZIE,https://www.youtube.com/watch?v=t-Ei7-mvv00,18419777,428928,30937,2016-07-15T16:38:02Z,PT8M5S
QUE FERIEZ-VOUS SI... ?,SQUEEZIE,https://www.youtube.com/watch?v=LiCby88HjCY,6090784,206248,9740,2016-07-14T17:10:05Z,PT6M17S
LE RETOUR DU TRYHARD (Blood Dungeon),SQUEEZIE,https://www.youtube.com/watch?v=poTYxiOpado,6410390,257978,7700,2016-07-13T18:16:45Z,PT6M59S
LE JEU QUI TE CASSE LA TÊTE !,SQUEEZIE,https://www.youtube.com/watch?v=c3FgfBYpYJU,13769189,262722,8267,2016-07-12T15:42:03Z,PT8M4S
SUBNAUTICA FAIL,SQUEEZIE,https://www.youtube.com/watch?v=bnsml6Ygsxc,4822532,126928,6712,2016-07-09T17:24:07Z,PT8M16S
QU'EST-CE-QUE... ?! (Inside - Let's Play #5 FIN),SQUEEZIE,https://www.youtube.com/watch?v=1cqC8VjrUG0,3551086,113071,13454,2016-07-09T14:27:09Z,PT23M12S
L'ENFANT AUX BRANCHIES ! (Inside - Let's Play #4),SQUEEZIE,https://www.youtube.com/watch?v=HC6QKaPur9Q,3050989,110601,5519,2016-07-08T16:16:36Z,PT17M38S
10 SECONDES POUR TATOUER,SQUEEZIE,https://www.youtube.com/watch?v=eRT9h3LSdX4,6842792,157854,8403,2016-07-07T17:14:14Z,PT5M2S
INSPECTEUR SQUEEZIE : LE RETOUR !,SQUEEZIE,https://www.youtube.com/watch?v=p-IACpQ_6ZA,4621131,170651,9168,2016-07-06T18:05:47Z,PT3M31S
TRAQUÉ PAR THE GRUDGE ! (Inside - Let's Play #3),SQUEEZIE,https://www.youtube.com/watch?v=SR179-OfdI8,2846178,118408,6740,2016-07-05T16:53:17Z,PT16M15S
LE CHEVEU DANS LE MUR,SQUEEZIE,https://www.youtube.com/watch?v=woDiGouzQGo,7123426,208195,11120,2016-07-04T15:45:13Z,PT5M19S
JE LES BRÛLE TOUTES POUR SENPAI (Yandere Simulator),SQUEEZIE,https://www.youtube.com/watch?v=-XMuQt_Owa0,8575296,201030,9017,2016-07-03T16:40:40Z,PT6M37S
QUI EST L'IMPOSTEUR ? (Inside - Let's Play #2),SQUEEZIE,https://www.youtube.com/watch?v=jx4b_-4XtbI,3801498,151476,8350,2016-07-02T16:18:15Z,PT15M12S
LE 100 MÈTRES SCROLL ! (Compilation de jeux),SQUEEZIE,https://www.youtube.com/watch?v=8obAQsYe2Jo,6514762,215102,14665,2016-07-01T18:40:10Z,PT7M17S
LE COUP DE COEUR 2016 ! (Inside - Let's Play #1),SQUEEZIE,https://www.youtube.com/watch?v=GxZJdCjoCVo,3892495,181024,19359,2016-06-30T16:53:14Z,PT13M19S
LA BARBE,SQUEEZIE,https://www.youtube.com/watch?v=WBp18NXiC5g,7259789,272952,40068,2016-06-29T13:06:58Z,PT4M35S
COMBIEN D’ANNÉES DE PRISON ?,SQUEEZIE,https://www.youtube.com/watch?v=2YEu5PhN7m0,5349645,236432,26567,2016-06-27T18:42:11Z,PT6M41S
LA FIN DE NOTRE CHAÎNE YOUTUBE... (Youtubers Life #2),SQUEEZIE,https://www.youtube.com/watch?v=ryMYwTTdZ0g,7806846,190663,8922,2016-06-24T17:03:56Z,PT7M30S
C'EST COMME ÇA QU'ON GAGNE ! (Diep.io #2),SQUEEZIE,https://www.youtube.com/watch?v=xQbbaizgYDM,6127798,152744,7276,2016-06-22T18:11:55Z,PT5M49S
FILLES + SKYPE = ARGENT ! (Huniecam Studio),SQUEEZIE,https://www.youtube.com/watch?v=FsYARKGihYs,8507257,198486,7437,2016-06-21T16:20:54Z,PT6M9S
SQUEEZIE LE CHASSEUR INSPECTE... (Rake),SQUEEZIE,https://www.youtube.com/watch?v=y3MJTi_K7-g,6675408,154784,9505,2016-06-20T16:15:29Z,PT7M10S
GOOGLE : LA REVANCHE !,SQUEEZIE,https://www.youtube.com/watch?v=BZYk0XWHc6A,4718725,134034,5869,2016-06-17T15:22:20Z,PT6M13S
TRAVOLTA NE DOIT PAS NOUS VOIR... (Compilation de jeux),SQUEEZIE,https://www.youtube.com/watch?v=r964T03fjSQ,5859572,139244,4184,2016-06-15T17:28:19Z,PT6M33S
LE LABYRINTHE DE MÉDUSE !,SQUEEZIE,https://www.youtube.com/watch?v=ppFKkEohBnM,3633306,101981,6615,2016-06-14T17:12:44Z,PT7M47S
GOOGLE CHALLENGE !,SQUEEZIE,https://www.youtube.com/watch?v=86S2-j-mvss,5742231,157013,6597,2016-06-13T17:56:51Z,PT7M39S
DIEP.IO + CONNEXION QUI BUG = ?,SQUEEZIE,https://www.youtube.com/watch?v=mdM09Oz5I4E,6082973,153467,6742,2016-06-10T15:53:37Z,PT6M21S
UNFAIR SQUEEZIE #2 (FIN),SQUEEZIE,https://www.youtube.com/watch?v=rrF2tTnlxH8,3964013,115816,4082,2016-06-08T16:02:57Z,PT7M30S
IL VA VOUS HANTER CETTE NUIT... (Notes of Obsession),SQUEEZIE,https://www.youtube.com/watch?v=wB5uAp3h_Io,3391924,102292,6301,2016-06-07T18:35:18Z,PT7M35S
UNFAIR SQUEEZIE #1,SQUEEZIE,https://www.youtube.com/watch?v=rlEgv10NoXQ,5341621,144864,5544,2016-06-06T17:57:53Z,PT8M52S
CE PETIT CÔTÉ KAWAII ! (MUSIQUE),SQUEEZIE,https://www.youtube.com/watch?v=hn6sfD2FJ9A,11494838,334844,37378,2016-06-04T16:26:21Z,PT1M45S
J'AI RÉUSSI MA VIE. (Dark Souls 3),SQUEEZIE,https://www.youtube.com/watch?v=BRtMYU16zLE,4932252,135903,7893,2016-06-03T19:59:49Z,PT6M55S
YOUTUBERS LIFE ! (Passion Simulator),SQUEEZIE,https://www.youtube.com/watch?v=NomJ9pS8OmE,6886239,194710,5072,2016-06-01T16:50:10Z,PT6M33S
LA VIDÉO MAUDITE... (HTC Vive),SQUEEZIE,https://www.youtube.com/watch?v=Wko08m3u4Y0,4146081,101807,4568,2016-05-31T15:20:15Z,PT7M40S
POUPÉES VS HOMME FAIBLE ! (The Dolls),SQUEEZIE,https://www.youtube.com/watch?v=9yPIThIL72Q,3361412,92435,7232,2016-05-30T19:14:51Z,PT6M42S
"SQUEEZIE, FILS DE ROBIN DES BOIS ! (HTC Vive)",SQUEEZIE,https://www.youtube.com/watch?v=IIE-XCc7AwU,2640771,105505,6202,2016-05-27T21:14:42Z,PT5M19S
LA VIE : LE JEU !,SQUEEZIE,https://www.youtube.com/watch?v=0QZo2uPSzVQ,12269106,224310,5828,2016-05-25T18:49:40Z,PT5M25S
LE TEST DE DÉBILITÉ,SQUEEZIE,https://www.youtube.com/watch?v=HzY4u_oiufw,6286760,163349,5997,2016-05-24T16:17:24Z,PT4M32S
COMMENT ÊTRE UN GANGSTER ? (Get outta mah way),SQUEEZIE,https://www.youtube.com/watch?v=tn6vGXZM-qA,6008648,176694,11561,2016-05-23T18:22:27Z,PT5M26S
BALLE AUX PRISONNIERS !,SQUEEZIE,https://www.youtube.com/watch?v=nJjsONYnxoQ,5001851,131577,5017,2016-05-20T18:04:35Z,PT6M55S
EN RÉSUMÉ : POSER SES FESSES SUR UN BOUTON,SQUEEZIE,https://www.youtube.com/watch?v=fZf-xec8k7A,4790126,124143,5445,2016-05-18T18:22:23Z,PT5M35S
TECHNIQUE D'HOMME PEUREUX ! (Joy of Creation),SQUEEZIE,https://www.youtube.com/watch?v=FtqMnFtfk_g,6331432,182922,12772,2016-05-17T17:24:11Z,PT4M38S
LECTURE DE VOS COMMENTAIRES.,SQUEEZIE,https://www.youtube.com/watch?v=B9Ur4OtShPA,6669855,275294,33531,2016-05-16T19:08:34Z,PT5M12S
Squeezie a changé,SQUEEZIE,https://www.youtube.com/watch?v=u_5MfjULqNs,5104995,353325,45490,2016-05-14T19:43:17Z,PT6M53S
LE PIRE SCÉNARIO DE JEU VIDÉO... (Compilation de jeux),SQUEEZIE,https://www.youtube.com/watch?v=KAmSiV2tq4s,6121747,130361,6881,2016-05-13T19:08:42Z,PT5M29S
LE VRAI VISAGE DE LUA,SQUEEZIE,https://www.youtube.com/watch?v=_hMnRIhUIU8,17837810,369717,28763,2016-05-11T17:03:24Z,PT3M25S
MAUVAISE JOURNÉE ? ON SE DÉFOULE ! (Doom),SQUEEZIE,https://www.youtube.com/watch?v=Zg7XgWFZp4o,3268830,89694,4623,2016-05-11T10:31:35Z,PT6M18S
LA SOIRÉE DE L'EMBROUILLE ! (Facade),SQUEEZIE,https://www.youtube.com/watch?v=gWXzAW56caY,6722208,157695,4912,2016-05-09T17:42:24Z,PT6M42S
L'AMUSEMENT SUR L'OVERWATCH ! (titre nul),SQUEEZIE,https://www.youtube.com/watch?v=qMOu4a_mfq8,8862368,166027,7410,2016-05-06T17:07:25Z,PT8M36S
LE JEU DU C... DU CACA. (Muddy Heights 2),SQUEEZIE,https://www.youtube.com/watch?v=KI1FjPoc3To,9723091,175764,6752,2016-05-04T18:33:53Z,PT6M24S
QUEL CHIEN ÊTES-VOUS ?,SQUEEZIE,https://www.youtube.com/watch?v=Q2IBw-lQDfY,7373838,168574,9038,2016-05-03T20:00:59Z,PT5M5S
BIM LE DOIGT DE PIED ! (HTC Vive),SQUEEZIE,https://www.youtube.com/watch?v=FCMsAuORy6Q,2681064,81255,3633,2016-05-02T16:13:33Z,PT5M14S
VOUS ÊTES MORT... x9230,SQUEEZIE,https://www.youtube.com/watch?v=_qaFelvfEW0,6141534,158411,11398,2016-04-29T17:56:30Z,PT7M27S
BIENVENUE AU RESTAURANT DE L'HYGIÈNE ! (HTC Vive),SQUEEZIE,https://www.youtube.com/watch?v=07RflIQbtN4,11378159,202165,6800,2016-04-28T16:16:00Z,PT7M43S
VOUS ALLEZ ÊTRE MOTIVÉS !,SQUEEZIE,https://www.youtube.com/watch?v=oHt_pl_Hqos,7282147,173742,6391,2016-04-26T15:53:12Z,PT6M7S
BLACKOUT SIMULATOR ! (Compilation de jeux),SQUEEZIE,https://www.youtube.com/watch?v=V9RNRKyJPYM,9377385,192088,6392,2016-04-25T18:37:23Z,PT7M10S
MON NOUVEAU MÉTIER...,SQUEEZIE,https://www.youtube.com/watch?v=kWIuk9QjoWY,13870233,281715,10280,2016-04-22T18:44:25Z,PT7M55S
FANGAME. TERRIFIANT. A+. (Joy of Creation),SQUEEZIE,https://www.youtube.com/watch?v=vIt8IoriEh4,5857806,162104,12867,2016-04-20T17:35:15Z,PT4M19S
CLAVIER CHALLENGE !,SQUEEZIE,https://www.youtube.com/watch?v=IYOCI-cPWgQ,6688863,156767,5809,2016-04-19T18:10:06Z,PT5M59S
FRANÇOIS HOLLANDE SIMULATOR ! (Human Fall Flat),SQUEEZIE,https://www.youtube.com/watch?v=dypl-lnMeN8,5437637,125643,6444,2016-04-18T16:44:47Z,PT6M8S
LA MEILLEURE EXPÉRIENCE GAMING ! (Budget Cuts & HTC Vive),SQUEEZIE,https://www.youtube.com/watch?v=UD1roHQy-10,5926032,170186,8548,2016-04-15T17:43:01Z,PT7M36S
SLITHER.IO PRO GAMER !,SQUEEZIE,https://www.youtube.com/watch?v=s9Ye3Tzkxoo,12061528,254051,14332,2016-04-13T19:09:29Z,PT6M9S
DUTY CALLS ! (jeu parodique),SQUEEZIE,https://www.youtube.com/watch?v=u0BBsnhd2YI,4795363,129657,4804,2016-04-12T17:11:03Z,PT6M9S
VOUS VOULEZ LE VOIR GRANDIR ! (Slither.io #1),SQUEEZIE,https://www.youtube.com/watch?v=W0CEkCoeEqw,13532457,271212,17061,2016-04-11T18:55:29Z,PT5M47S
LA HANTISE DES GARÇONS ! (Compilation de jeux),SQUEEZIE,https://www.youtube.com/watch?v=R6jWzsOTYQA,6821248,146864,5512,2016-04-08T16:09:28Z,PT5M34S
ON A BIDÉ SUR YOUTUBE... (Tube Tycoon),SQUEEZIE,https://www.youtube.com/watch?v=AJVzx_wyBNM,7438244,223582,10477,2016-04-06T19:04:34Z,PT6M42S
"SEINS, FESSES OU AISSELLES ?",SQUEEZIE,https://www.youtube.com/watch?v=6P_P61haarE,9302539,193838,7708,2016-04-05T16:53:08Z,PT5M1S
60 SECONDES POUR VIVRE !,SQUEEZIE,https://www.youtube.com/watch?v=RQE_GEQiVgc,11848882,245983,9815,2016-04-04T15:55:57Z,PT6M51S
C'EST COMME ÇA QU'ON SKIE ! (Snow),SQUEEZIE,https://www.youtube.com/watch?v=f2SZd0MF_R0,5233829,127575,5128,2016-04-01T18:53:35Z,PT5M36S
JE SUIS AMOUREUX...,SQUEEZIE,https://www.youtube.com/watch?v=TI-92nNecbg,4362231,153275,10277,2016-03-31T17:21:53Z,PT7M23S
L'ENDROIT LE PLUS GLAUQUE DU JAPON...,SQUEEZIE,https://www.youtube.com/watch?v=_pMGAl-cF3w,5902894,188646,10970,2016-03-28T17:41:51Z,PT5M54S
LE NOUVEAU FIVE NIGHTS AT FREDDY'S ?!,SQUEEZIE,https://www.youtube.com/watch?v=WtFCelsj4iU,3387168,154583,8556,2016-03-25T19:26:35Z,PT6M42S
ÊTES-VOUS SEXY ? LE TEST 100% FIABLE,SQUEEZIE,https://www.youtube.com/watch?v=uy3O84TcGvA,7497523,199586,6875,2016-03-24T17:07:04Z,PT5M6S
JE DEVIENS DÉMON POUR TOI SENPAI !,SQUEEZIE,https://www.youtube.com/watch?v=pYPvapjvdXY,9419519,198356,9588,2016-03-22T18:02:28Z,PT5M46S
LES TOILETTES JAPONAISES... (vidéo mature),SQUEEZIE,https://www.youtube.com/watch?v=-0xh2o0VQCc,5480696,182282,14947,2016-03-21T17:10:59Z,PT3M24S
UN VLOG CHOUETTE !,SQUEEZIE,https://www.youtube.com/watch?v=XrTdcANzhxc,3031863,127150,7376,2016-03-20T17:06:06Z,PT4M19S
HUNGER GAMES : LE JEU,SQUEEZIE,https://www.youtube.com/watch?v=IpLRtXrCriw,5523837,141596,5017,2016-03-19T17:06:15Z,PT6M44S
SQUEEZIE NASA ET SES MAISONS ! (Scrap Mechanic),SQUEEZIE,https://www.youtube.com/watch?v=oUPx5Fr9bms,6956230,157911,6643,2016-03-17T18:02:25Z,PT7M29S
TUTO : DEVENIR LE BOSS D'UNE PRISON (PTTR),SQUEEZIE,https://www.youtube.com/watch?v=GiWBazkSSxg,12418427,206014,4984,2016-03-15T16:10:19Z,PT6M37S
SUPERHOT !,SQUEEZIE,https://www.youtube.com/watch?v=a-p9VRBuqMU,5481695,131899,4374,2016-03-14T16:01:24Z,PT7M8S
"ENSEMBLE, RÉVOLUTIONNONS L'ART.",SQUEEZIE,https://www.youtube.com/watch?v=eCzHIQOJu8U,7340483,157592,8580,2016-03-11T17:57:49Z,PT6M41S
ÇA SUFFIT MICKA ! (Gang Beasts),SQUEEZIE,https://www.youtube.com/watch?v=X4iQwBjCJJM,7798225,164624,5878,2016-03-09T17:00:44Z,PT7M4S
DIPLÔME DU REGGAEMAN CASCADEUR  ! (Bridge Constructor Stunts),SQUEEZIE,https://www.youtube.com/watch?v=MH6hUXmoE-Q,6730393,160891,6291,2016-03-08T19:28:15Z,PT6M43S
"1 AN APRÈS, NOUS RETROUVONS ARIANE...",SQUEEZIE,https://www.youtube.com/watch?v=rTisWPRxBls,4770652,168938,16220,2016-03-07T19:25:51Z,PT5M49S
JOYEUX ANNIVERSAIRE TOUT L'MONDE ! (5 ans),SQUEEZIE,https://www.youtube.com/watch?v=U32LOSHjpS0,4806009,207171,22678,2016-03-04T19:38:57Z,PT7M1S
QUELLE EST CETTE CRÉATURE ?! (Subnautica #3),SQUEEZIE,https://www.youtube.com/watch?v=2GvHgXUxamU,6076838,167001,14966,2016-03-02T18:04:17Z,PT7M19S
LA GRANDE FINALE !,SQUEEZIE,https://www.youtube.com/watch?v=gCSiNATxefc,7337431,154648,7821,2016-03-01T16:31:05Z,PT6M35S
VOUS VENEZ D'ÉCONOMISER 15€,SQUEEZIE,https://www.youtube.com/watch?v=G_NS83wsIRY,3452612,197644,6139,2016-02-29T18:39:06Z,PT5M42S
SHAKESPEARE EST UN PERVERS...,SQUEEZIE,https://www.youtube.com/watch?v=nrX80oSI2fM,4481427,129831,6610,2016-02-26T17:54:05Z,PT5M41S
"BONJOUR, JE SUIS INGÉNIEUR MARITIME. (Subnautica #2)",SQUEEZIE,https://www.youtube.com/watch?v=oOBrZRGSryg,6657484,189725,16083,2016-02-24T19:07:11Z,PT7M9S
LES PORTABLES SONT DANGEREUX (Compilation de jeux),SQUEEZIE,https://www.youtube.com/watch?v=YAxK7s51cJs,10229063,207141,5408,2016-02-23T18:57:25Z,PT6M5S
JE TRANCHE POUR TOI SENPAI !,SQUEEZIE,https://www.youtube.com/watch?v=LfQ5q6hEOcs,3793178,126878,6833,2016-02-22T17:18:57Z,PT6M
LUI C'EST SQUEEZIE ! (MUSIQUE),SQUEEZIE,https://www.youtube.com/watch?v=6D7dqtDpLTc,16236566,384461,49959,2016-02-19T16:02:39Z,PT3M34S
QUAND l'AMOUR PREND LE DESSUS... (ANIMÉE),SQUEEZIE,https://www.youtube.com/watch?v=XxAre3otXYk,12023002,346571,25511,2016-02-17T16:26:12Z,PT5M38S
SQUEEZIE VAN DAMME ET SES CAMIONS ! (Clustertruck),SQUEEZIE,https://www.youtube.com/watch?v=FAIOWrriPjA,9770032,195604,7044,2016-02-16T18:17:39Z,PT7M11S
LES HÉROS DE LA TEMPÊTE ! (HoTS),SQUEEZIE,https://www.youtube.com/watch?v=1a9y_tDnLc8,2777189,75578,6603,2016-02-12T16:13:18Z,PT8M39S
L'AFFRONTEMENT DU DIEU FOETUS ! (Il était une fois Squeezie #2),SQUEEZIE,https://www.youtube.com/watch?v=Dwl26Z_UtVI,4323512,115684,5033,2016-02-10T17:45:11Z,PT5M55S
IL ÉTAIT UNE FOIS SQUEEZIE #1,SQUEEZIE,https://www.youtube.com/watch?v=l-KkCM6onMo,4988981,147570,7757,2016-02-09T19:50:41Z,PT6M55S
LA VIDÉO NULLE DU 08/02/2016,SQUEEZIE,https://www.youtube.com/watch?v=giUvPQrdm8M,3698707,139953,12192,2016-02-08T18:40:54Z,PT2M52S
YOUTUBERS FACE SWAP !,SQUEEZIE,https://www.youtube.com/watch?v=_71DYhPPLzk,6084059,159162,6059,2016-02-05T19:21:20Z,PT4M51S
PRÊT À BUTER DU TITAN ?! (Attack on Titan Fan Game),SQUEEZIE,https://www.youtube.com/watch?v=D5qxMmGM6IU,4791421,130772,7300,2016-02-03T18:43:44Z,PT5M37S
L'ENFER SOUS-MARIN ! (Subnautica),SQUEEZIE,https://www.youtube.com/watch?v=KFTVjXkbYJY,7276522,170782,7696,2016-02-02T18:37:55Z,PT7M41S
RENCARD AVEC UN CHIEN (Hot Date),SQUEEZIE,https://www.youtube.com/watch?v=XSPa3Q1rEBM,3219853,106626,4178,2016-02-01T18:42:17Z,PT5M33S
3€ POUR CRAQUER TON SLIP. (White Mirror),SQUEEZIE,https://www.youtube.com/watch?v=0xSgLe8q4pA,3839170,102598,5550,2016-01-29T19:30:29Z,PT6M9S
POKÉMON : KAWAII ÉDITION ! (Slime Rancher),SQUEEZIE,https://www.youtube.com/watch?v=4H7d4ADN-xk,5202294,139002,6657,2016-01-28T17:08:57Z,PT5M56S
J'AI FINI EN PLEURS... (The Impossible Quiz 2),SQUEEZIE,https://www.youtube.com/watch?v=CCaQ1FPePxw,6224630,172122,25410,2016-01-27T19:13:21Z,PT10M8S
CHASSEUR NUL VS ANIMAUX ! (Far Cry Primal),SQUEEZIE,https://www.youtube.com/watch?v=Sd5xPW9t9io,4272228,120305,7827,2016-01-26T17:26:00Z,PT5M56S
CECI EST MON NOUVEAU VISAGE ! (Face Swap Live),SQUEEZIE,https://www.youtube.com/watch?v=Yfu60JbJD0E,5016647,150226,6579,2016-01-22T14:48:57Z,PT4M14S
25 SITES WEB BIZARRES,SQUEEZIE,https://www.youtube.com/watch?v=ULPgG9J0XPo,7520720,188525,8398,2016-01-21T16:20:19Z,PT6M41S
REVIVRE LA MÊME JOURNÉE = CHIANT (Garbage Day),SQUEEZIE,https://www.youtube.com/watch?v=IovXugfuvqs,8762604,193034,5065,2016-01-19T18:50:04Z,PT5M52S
17 INVENTIONS INCROYABLES SUR BESIEGE,SQUEEZIE,https://www.youtube.com/watch?v=VbTm8XbhwWM,8985866,203660,6112,2016-01-18T18:30:53Z,PT6M5S
/!\ NE MONTEZ PAS DANS CETTE VOITURE /!\ (Rides with Strangers),SQUEEZIE,https://www.youtube.com/watch?v=PRIXtK_RSUA,8414378,209146,12554,2016-01-15T15:51:41Z,PT6M42S
UN JEU JAPONAIS DOUTEUX (-18),SQUEEZIE,https://www.youtube.com/watch?v=KLy4fRkpD_o,2844748,101996,10937,2016-01-13T19:29:07Z,PT5M16S
FANFICTION : QUAND L'AMOUR PREND LE DESSUS...,SQUEEZIE,https://www.youtube.com/watch?v=Q44rhYnjkUo,6825783,207528,17332,2016-01-12T19:18:04Z,PT6M14S
PROFESSEUR SQUEEZIE VOUS EXPLIQUE ! (Emily Wants to Play #2),SQUEEZIE,https://www.youtube.com/watch?v=hLcJuWVd6hw,4967127,120909,9753,2016-01-11T19:08:07Z,PT6M38S
TRANSFORMATION EN ANIMÉ !,SQUEEZIE,https://www.youtube.com/watch?v=EV6GAbHuzx8,7524710,190554,14346,2016-01-08T19:02:49Z,PT4M41S
CE JEU N'A PLUS RIEN DE MIGNON ! (SHOJ),SQUEEZIE,https://www.youtube.com/watch?v=JnCu92_sfUA,2518133,77648,3059,2016-01-06T19:46:10Z,PT7M9S
TOUT LE MONDE ME CRAINT SENPAÏ !,SQUEEZIE,https://www.youtube.com/watch?v=JPjggjJ0SE8,10214868,249144,9866,2016-01-05T17:31:46Z,PT5M51S
APPUIEREZ-VOUS SUR LE BOUTON ? #2,SQUEEZIE,https://www.youtube.com/watch?v=GDq94PnLfB0,7912115,191133,6790,2016-01-04T19:23:16Z,PT5M28S
LE CHÂTIMENT DU TÉTÉ ! (Unfair Jousting Fair),SQUEEZIE,https://www.youtube.com/watch?v=6S7utYkBprs,4171624,105931,4697,2016-01-01T16:49:09Z,PT6M23S
FIVE NIGHTS AT FREDDY'S DLC ?!,SQUEEZIE,https://www.youtube.com/watch?v=8Na9X323x98,4985365,115668,6159,2015-12-30T16:39:29Z,PT5M36S
"DES LASERS, DES LASERS PARTOUT ! (Ben & Ed #2)",SQUEEZIE,https://www.youtube.com/watch?v=HdFZVxRPxxU,4802766,94364,4241,2015-12-29T16:10:28Z,PT7M51S
EMILY VEUT JOUER...,SQUEEZIE,https://www.youtube.com/watch?v=sRxV0FpNbcA,4184497,110985,7730,2015-12-28T16:51:48Z,PT6M14S
L'HISTOIRE DES ENFANTS DE LA FORÊT (Wick),SQUEEZIE,https://www.youtube.com/watch?v=jgXe8GANdLA,3298782,90485,5125,2015-12-25T16:40:55Z,PT6M6S
SIMULATEUR D'ACHATS DE NOËL 2,SQUEEZIE,https://www.youtube.com/watch?v=_hFGIRgJjrw,3557215,93082,3277,2015-12-24T16:18:03Z,PT5M31S
BESIEGE PRO PLAYER,SQUEEZIE,https://www.youtube.com/watch?v=sJCHRCDHw3s,7231073,167119,6042,2015-12-23T19:14:20Z,PT6M5S
PLUS DE JAMBES ? AUCUN PROBLÈME. (Ben and Ed),SQUEEZIE,https://www.youtube.com/watch?v=7xWcSSBICNk,6649131,130385,4930,2015-12-21T19:30:16Z,PT6M41S
LE RIRE ULTIME 2 !,SQUEEZIE,https://www.youtube.com/watch?v=tuAFOdR6omE,7528428,190953,29772,2015-12-18T18:06:55Z,PT8M38S
LA 2NDE ENQUÊTE D'INSPECTEUR SQUEEZIE (Fingered),SQUEEZIE,https://www.youtube.com/watch?v=XI_17yqpj7I,4748349,108657,2982,2015-12-16T17:36:59Z,PT5M31S
5 MINUTES AVEC UN CHIMPANZÉ,SQUEEZIE,https://www.youtube.com/watch?v=sc5EI7jeuBA,4234253,116451,5246,2015-12-15T17:43:03Z,PT5M20S
CE JEU D'HORREUR N'A AUCUN SENS ! (Room 404),SQUEEZIE,https://www.youtube.com/watch?v=X7eClAhzAuw,2621278,98746,3090,2015-12-14T18:31:52Z,PT5M46S
VOUS NE VOUDREZ PLUS D'ENFANTS... (Who's Your Daddy),SQUEEZIE,https://www.youtube.com/watch?v=XHE9kt43p_s,9293535,146091,4370,2015-12-11T18:05:55Z,PT6M28S
BONJOUR FRIENDZONE...,SQUEEZIE,https://www.youtube.com/watch?v=hggpT8Y6yJk,6370295,195710,9748,2015-12-09T19:10:13Z,PT5M46S
L'HISTOIRE D'UN GARS ET D'UNE FILLE (Emily is Away),SQUEEZIE,https://www.youtube.com/watch?v=B0wkGqXl9-E,8185398,175441,11483,2015-12-08T19:00:49Z,PT8M34S
5 MINUTES POUR DÉSAMORCER UNE BOMBE (KTaNE),SQUEEZIE,https://www.youtube.com/watch?v=db567xTWx0I,4974684,138516,2717,2015-12-07T19:22:26Z,PT6M47S
5 MILLIONS DE CRIS,SQUEEZIE,https://www.youtube.com/watch?v=UV-E5cSO5Fg,5211967,255953,17776,2015-12-04T17:05:37Z,PT10M26S
LORD BURGOR LE RETOUR !,SQUEEZIE,https://www.youtube.com/watch?v=NiEHh0618Iw,11139262,254533,9415,2015-12-02T18:44:55Z,PT4M43S
FAITES CONFIANCE À L'EXPERT ! (Song of Horror),SQUEEZIE,https://www.youtube.com/watch?v=W5s8w87B6Ck,2800251,81031,3834,2015-12-01T19:09:33Z,PT6M47S
LE JEU QUI CASSE TON CERVEAU (Antichamber),SQUEEZIE,https://www.youtube.com/watch?v=qmA9nKwSqTM,4323138,112916,3524,2015-11-30T18:28:01Z,PT6M24S
"OUPS, COUTEAU DANS LA TÊTE ! (Yandere Simulator #6)",SQUEEZIE,https://www.youtube.com/watch?v=IOqMtm3TZZ0,6299461,159534,9020,2015-11-27T18:06:58Z,PT6M30S
CE JEU EST DE TOUTE BEAUTÉ ! (Universe Sandbox),SQUEEZIE,https://www.youtube.com/watch?v=AuYYBlGoeVU,5299844,227858,13614,2015-11-25T18:44:50Z,PT7M9S
APPUIEREZ-VOUS SUR LE BOUTON ?,SQUEEZIE,https://www.youtube.com/watch?v=yYk6PLCLCz0,7600438,174958,6517,2015-11-24T18:54:38Z,PT6M57S
INSPECTEUR SQUEEZIE MÈNE L'ENQUÊTE (Who Must Die),SQUEEZIE,https://www.youtube.com/watch?v=w3G5PAZmies,4293192,132459,4992,2015-11-23T18:20:39Z,PT5M46S
COMMENT S'AMUSER DANS DES ESCALIERS ? (DeathStair),SQUEEZIE,https://www.youtube.com/watch?v=HYq4GKiV--c,6776979,142143,4320,2015-11-20T19:12:13Z,PT6M38S
SIMULATEUR DE PETITE FILLE (Compilation),SQUEEZIE,https://www.youtube.com/watch?v=myDBWjfTR-w,5481230,125209,4624,2015-11-18T19:54:00Z,PT6M29S
TU PRÉFÈRES... OU... ? (Either),SQUEEZIE,https://www.youtube.com/watch?v=AFGvDndE2yc,10412419,226678,12459,2015-11-17T18:21:23Z,PT8M58S
COURAGE,SQUEEZIE,https://www.youtube.com/watch?v=QYdps6SPe-g,2772810,309883,48110,2015-11-16T18:48:57Z,PT5M13S
RETROUVERONS-NOUS KIKI ? (Astray),SQUEEZIE,https://www.youtube.com/watch?v=gbPraPytG34,2745197,75312,5793,2015-11-13T15:32:07Z,PT5M30S
DOCTEUR SQUEEZIE EST DANS LA PLACE !,SQUEEZIE,https://www.youtube.com/watch?v=2IbNOSYqbZY,8304772,154758,8858,2015-11-11T18:48:52Z,PT6M30S
BEAUCOUP D'AMOUR ! ♥,SQUEEZIE,https://www.youtube.com/watch?v=PIxxspYaa6Q,6288010,195741,15917,2015-11-10T17:07:50Z,PT9M50S
LE SIMULATEUR DE NOYADE !,SQUEEZIE,https://www.youtube.com/watch?v=0x6DBntFTyo,14444100,295682,13031,2015-11-06T19:14:15Z,PT7M25S
ADOPTEZ LE BON RÉFLEXE (The Library),SQUEEZIE,https://www.youtube.com/watch?v=kxA_OnIpbHM,2820870,74299,3506,2015-11-04T18:15:52Z,PT6M24S
LE MOMENT LE PLUS GÊNANT DE MA VIE,SQUEEZIE,https://www.youtube.com/watch?v=gN-624RRLB4,6755518,133146,5084,2015-11-03T18:19:27Z,PT4M41S
LA VÉRITÉ SUR LA VIDÉO DU 29/10/2015,SQUEEZIE,https://www.youtube.com/watch?v=gM6vaIbKpFY,9449301,230001,6985,2015-10-30T18:23:42Z,PT7M29S
JE CONTRÔLE LES PIÈGES ! (Player vs Game),SQUEEZIE,https://www.youtube.com/watch?v=g4K0nYU0OIo,5206161,104888,3603,2015-10-29T19:35:26Z,PT5M18S
QUAND TU ENTRES DANS UN BAR RUSSE. (PTR),SQUEEZIE,https://www.youtube.com/watch?v=Mh7M4FOw9jI,5457207,116812,4734,2015-10-27T17:30:34Z,PT5M13S
SUPER STAR WARS KART ! (Disney Infinity 3.0),SQUEEZIE,https://www.youtube.com/watch?v=iosu2xg91b0,3124092,79946,5739,2015-10-25T16:41:58Z,PT6M24S
J'ADORE LES TEMPÊTES DE NEIGE. (Kholat),SQUEEZIE,https://www.youtube.com/watch?v=x8O_HDjRtuY,3346422,83791,5395,2015-10-23T19:27:09Z,PT7M34S
ON CRÉE DES MONSTRES ! (CHKN),SQUEEZIE,https://www.youtube.com/watch?v=o16tpZhusaM,6163586,122530,5232,2015-10-21T17:58:02Z,PT5M19S
YOUTUBER SIMULATOR ! (Fan Fright),SQUEEZIE,https://www.youtube.com/watch?v=IpPX11CnHS4,3649053,94713,4988,2015-10-20T17:13:10Z,PT5M54S
UNE AVENTURE FACILE :D (MENSONGE),SQUEEZIE,https://www.youtube.com/watch?v=2SoTBP3jp8M,4829630,111623,2583,2015-10-18T16:12:46Z,PT6M40S
JE PHOTOGRAPHIE POUR TOI SENPAI ! (Yandere Simulator #5),SQUEEZIE,https://www.youtube.com/watch?v=dlaZTw-U1JM,10185654,178129,6751,2015-10-16T17:17:44Z,PT6M19S
LE RIRE ULTIME !,SQUEEZIE,https://www.youtube.com/watch?v=Q8eIx-4zd8U,9965709,236927,33072,2015-10-11T18:21:53Z,PT8M46S
CERVEAU EN SURCHAUFFE ! (Brain Dots),SQUEEZIE,https://www.youtube.com/watch?v=ESxXJIdA2oI,3438332,99439,3864,2015-10-09T15:09:46Z,PT6M30S
ULTRA HARDCORE AGARIO,SQUEEZIE,https://www.youtube.com/watch?v=qBbrnS08zmU,10239704,161719,6033,2015-10-07T19:03:07Z,PT4M48S
LE GÉNÉRATEUR DE WTF,SQUEEZIE,https://www.youtube.com/watch?v=_Z-nZLs2wRc,7414331,135505,6467,2015-10-06T18:11:04Z,PT4M58S
ENFIN DE LA VIRILITÉ ! (The Barber Shop),SQUEEZIE,https://www.youtube.com/watch?v=Jcy3UyG9y5c,8324732,172619,5190,2015-10-04T16:56:55Z,PT6M15S
LE QUIZZ IDIOT,SQUEEZIE,https://www.youtube.com/watch?v=wTJEZ-DQ6oE,6061651,137381,4127,2015-10-02T17:22:37Z,PT5M22S
COMMENT ÊTRE ENCORE PLUS MALADE ? (The Unfair Platformer),SQUEEZIE,https://www.youtube.com/watch?v=Jj7Gt-p5HqM,4395218,96995,3386,2015-09-30T19:19:19Z,PT8M22S
QUE ÇA NE M'ARRIVE JAMAIS EN VRAI ;_; (Layers of Fear #3),SQUEEZIE,https://www.youtube.com/watch?v=9SVmMZfPlHc,2856977,66002,2633,2015-09-28T16:48:23Z,PT5M4S
J'AI PERDU MON CERVEAU ! (Layers of Fear #2),SQUEEZIE,https://www.youtube.com/watch?v=sTTYGshep_8,2921659,75300,2649,2015-09-27T18:25:36Z,PT7M11S
LA MEILLEURE VIDÉO DE YOUTUBE (POUR DE VRAI),SQUEEZIE,https://www.youtube.com/watch?v=PA0NtggA2dE,3326640,89610,2990,2015-09-25T17:02:14Z,PT56S
PARTOUT. DES RATS PARTOUT. (Layers of Fear #1),SQUEEZIE,https://www.youtube.com/watch?v=H4YfpqZ08Dg,3076924,83334,3521,2015-09-23T19:09:48Z,PT10M15S
QUI PEUT STOPPER FOUINY SQUEEZIE ?!,SQUEEZIE,https://www.youtube.com/watch?v=_t4L5XbQU-M,8802953,142927,7140,2015-09-22T18:57:34Z,PT7M50S
J'AI RENCONTRÉ JUSTIN BIEBER,SQUEEZIE,https://www.youtube.com/watch?v=6XKZlsGG6LY,7232801,201945,7348,2015-09-18T17:56:04Z,PT7M29S
LA MALÉDICTION DE SQUEEZIE.,SQUEEZIE,https://www.youtube.com/watch?v=1wfEHHSz6L4,3318752,87974,5276,2015-09-16T17:05:52Z,PT6M59S
PRENEZ-VOUS VOTRE DOUCHE AVEC PAPA ? (Compilation),SQUEEZIE,https://www.youtube.com/watch?v=0Fl0-9q-PBI,4744007,112012,3271,2015-09-15T17:31:56Z,PT7M11S
LA FIN D'UNTIL DAWN !,SQUEEZIE,https://www.youtube.com/watch?v=FIhlBJ9Pfc0,4196548,171222,21035,2015-09-12T17:31:23Z,PT15M48S
LÀ VOUS ALLEZ M'ADORER :') (Until Dawn #9),SQUEEZIE,https://www.youtube.com/watch?v=GpOSKa6UfAE,3587061,89762,6132,2015-09-12T16:11:19Z,PT13M4S
NOTRE MEILLEURE VIDÉO. (Gridberd),SQUEEZIE,https://www.youtube.com/watch?v=LmnujNOdhTc,3036076,80480,3152,2015-09-11T18:03:58Z,PT7M28S
VOUS ALLEZ ME DÉTESTER... (Until Dawn #8),SQUEEZIE,https://www.youtube.com/watch?v=5yeVqidRbQA,3760132,106823,12245,2015-09-11T12:40:49Z,PT19M1S
QUE FAIRE SI... ?,SQUEEZIE,https://www.youtube.com/watch?v=pdNt0RnM8AQ,9081349,264233,14208,2015-09-09T17:38:25Z,PT4M34S
LE VISAGE DU TUEUR... (Until Dawn #7),SQUEEZIE,https://www.youtube.com/watch?v=BrZ81SDPrw0,4044342,99338,6361,2015-09-08T15:40:20Z,PT15M39S
VICTIME D'UN COMPLOT NAZI ! (Agario #6),SQUEEZIE,https://www.youtube.com/watch?v=dEz05-xqnZw,9192372,182183,9301,2015-09-06T15:06:55Z,PT5M58S
POURSUIVI PAR UN P#TAIN D'ESPRIT ! ;_; (Until Dawn #6),SQUEEZIE,https://www.youtube.com/watch?v=lNsmoJLcI4A,3934441,105002,10208,2015-09-05T15:12:26Z,PT20M59S
CHERS FANTÔMES. CORDIALEMENT. (Devilry),SQUEEZIE,https://www.youtube.com/watch?v=iyb6loCUtcw,2929865,95947,2613,2015-09-04T16:50:56Z,PT5M29S
LE CHOIX LE PLUS HARDCORE ! (Until Dawn #5),SQUEEZIE,https://www.youtube.com/watch?v=RFNhMcXA-r0,4428356,114962,6928,2015-09-03T16:42:45Z,PT17M31S
QU'Y A-T-IL DANS LA 1000ÈME CHAMBRE ? (Spooky's House),SQUEEZIE,https://www.youtube.com/watch?v=8TZEaSKY3Cg,5792193,110848,4273,2015-09-02T18:59:48Z,PT8M47S
NOUS SOMMES JUMBO. (Catlateral Damage),SQUEEZIE,https://www.youtube.com/watch?v=0cupoYjKCsw,8337980,152024,4965,2015-09-01T18:12:24Z,PT5M48S
BOUCHERIE TIME ! :'c (Until Dawn #4),SQUEEZIE,https://www.youtube.com/watch?v=jF0wLTphEOo,3296947,98758,10569,2015-08-31T17:17:43Z,PT13M35S
ÇA PART EN STEAK ! (Until Dawn #3),SQUEEZIE,https://www.youtube.com/watch?v=QdutQZo0r7s,4072026,121942,10412,2015-08-29T16:14:01Z,PT19M55S
VOS AMIS FERONT UNE CRISE CARDIAQUE (Dead Realm),SQUEEZIE,https://www.youtube.com/watch?v=5ZGLYLGAdxU,6041187,114051,3302,2015-08-28T19:36:41Z,PT7M6S
IL OBSERVE AVANT D'AGIR :'( (Until Dawn #2),SQUEEZIE,https://www.youtube.com/watch?v=Sk8vhvM7B_Y,4078947,129246,8972,2015-08-27T16:34:02Z,PT20M30S
LE VRAI VISAGE DE JUMBO,SQUEEZIE,https://www.youtube.com/watch?v=xxJ5f2_ELXE,17668637,438723,21609,2015-08-26T17:08:14Z,PT4M6S
VENEZ PERDRE VOTRE TEMPS.,SQUEEZIE,https://www.youtube.com/watch?v=FqWtWv9Ee_M,9969229,225073,8309,2015-08-25T17:11:15Z,PT5M8S
UNTIL DAWN #1 - LA PSYCHOSE COMMENCE !,SQUEEZIE,https://www.youtube.com/watch?v=oJqUcYSlA2E,6108644,231915,15925,2015-08-24T15:00:03Z,PT18M15S
L'ÉQUIPE LA MOINS PRODUCTIVE DE ROCKET LEAGUE,SQUEEZIE,https://www.youtube.com/watch?v=C8Azqpgqquc,8753365,145559,5331,2015-08-21T19:41:04Z,PT9M17S
LE BUT DU JEU : S'ENFUIR. (My Last Friday),SQUEEZIE,https://www.youtube.com/watch?v=jo3aeNUGNnY,5557145,133660,7058,2015-08-20T20:05:03Z,PT7M2S
DANS LES VESTIAIRES SENPAI... (Yandere Simulator #4),SQUEEZIE,https://www.youtube.com/watch?v=Aj1LAwIsLyc,9964789,272773,8395,2015-08-18T16:38:02Z,PT5M28S
NUDITÉ INTERDITE ! (Compilation de jeux),SQUEEZIE,https://www.youtube.com/watch?v=gOty3EuCWK8,8320365,197620,10367,2015-08-16T18:26:43Z,PT7M51S
SURVIVREZ-VOUS ?...,SQUEEZIE,https://www.youtube.com/watch?v=gouuuBZYwFc,2821181,98058,12207,2015-08-07T15:39:55Z,PT2M44S
WORLD OF SQUEEZIE #2,SQUEEZIE,https://www.youtube.com/watch?v=k3mLU7B9WZw,5674633,130148,4889,2015-08-05T17:26:19Z,PT6M32S
PINCES À LINGE CHALLENGE !,SQUEEZIE,https://www.youtube.com/watch?v=wc-42j9RnTE,6290322,140125,7044,2015-08-02T18:25:23Z,PT7M
WORLD OF SQUEEZIE #1,SQUEEZIE,https://www.youtube.com/watch?v=F0LXwtGTl3w,7738707,181947,6024,2015-07-31T18:41:45Z,PT7M18S
LE PLUS GRAND INGÉNIEUR ! (Poly Bridge),SQUEEZIE,https://www.youtube.com/watch?v=lRWygv05R4Q,13671789,261545,8805,2015-07-29T17:58:24Z,PT7M40S
LE RETOUR DU MEILLEUR JEU \o/,SQUEEZIE,https://www.youtube.com/watch?v=BTs7gaCMW7k,8701111,166227,9523,2015-07-26T16:48:32Z,PT6M23S
JE MEURS. JE DÉCÈDE. P#TAIN. (Five Nights at Freddy's 4),SQUEEZIE,https://www.youtube.com/watch?v=rbclXLau2Cc,12431565,216251,22660,2015-07-24T18:25:17Z,PT10M1S
JE SUIS CHAMPION D'EUROPE ! (Rocket League),SQUEEZIE,https://www.youtube.com/watch?v=qM1xh3sImZs,9547530,193301,7540,2015-07-22T19:29:56Z,PT8M42S
AGRESSÉ EN PLEINE VIDÉO ;_;,SQUEEZIE,https://www.youtube.com/watch?v=YdsvG33gRx0,11649922,261193,17736,2015-07-19T18:26:25Z,PT7M10S
COMMENT DÉCOMPRESSER D'UN JEU D'HORREUR ? (Timore),SQUEEZIE,https://www.youtube.com/watch?v=O9SAuUytsc8,4253997,111057,4989,2015-07-17T17:23:26Z,PT7M47S
LE DIEU DE LA LOOSE ! (Smite),SQUEEZIE,https://www.youtube.com/watch?v=Chu1XqxoQio,3729349,78732,5019,2015-07-16T17:03:55Z,PT6M26S
LE DLC LE PLUS KAWAII ! ♥ (Trials Fusion),SQUEEZIE,https://www.youtube.com/watch?v=J5ppOg3Ngps,4360885,82407,4302,2015-07-13T18:27:09Z,PT7M25S
VOUS NE PASSEREZ PAS ! (BÉBÉ VERSION) (NIght Bli..F#CK),SQUEEZIE,https://www.youtube.com/watch?v=Y4keLE9zCTc,3120117,69356,2303,2015-07-12T18:24:58Z,PT7M2S
"DÉSOLÉ, IL N'Y A PAS DE JEU. (There is no game)",SQUEEZIE,https://www.youtube.com/watch?v=kwUNtnnYrMU,11020596,269277,6592,2015-07-10T18:51:02Z,PT7M17S
"MON NOUVEL AMOUR... (Pirates, vikings & knights II)",SQUEEZIE,https://www.youtube.com/watch?v=Ff90ORrYW6I,2989239,65197,3377,2015-07-08T15:28:19Z,PT5M53S
C'EST LA FIN.,SQUEEZIE,https://www.youtube.com/watch?v=8QdR1mu5SHg,12349175,379090,17431,2015-07-07T17:54:39Z,PT6M25S
CET HOMME M'A MIS EN POSITION FŒTALE.  (Boibot),SQUEEZIE,https://www.youtube.com/watch?v=osVvfXwmESY,8972864,205725,8196,2015-07-03T17:25:19Z,PT5M35S
JURASSIC THUG ! (ARK Survival Evolved #2),SQUEEZIE,https://www.youtube.com/watch?v=6hx9zDHgi9M,7444636,131904,4539,2015-07-01T19:09:30Z,PT8M8S
ON A RENCONTRÉ  E.T. ! (All is Dust),SQUEEZIE,https://www.youtube.com/watch?v=xyHXNGydf5g,3075058,81141,2950,2015-06-30T20:37:52Z,PT7M52S
J'AI ÉCHOUÉ... (Agario FIN),SQUEEZIE,https://www.youtube.com/watch?v=zwF-f9RFBqY,9161473,182151,10986,2015-06-28T19:34:33Z,PT6M55S
CE N'EST PAS UN MEURTRE SENPAI ! ♥ (Yandere Simulator #3),SQUEEZIE,https://www.youtube.com/watch?v=8tRzn7DeBlM,19950963,275562,10295,2015-06-26T18:49:35Z,PT8M24S
L'ANNONCE DELAMORKITUE ! \o/,SQUEEZIE,https://www.youtube.com/watch?v=0FUMA6w76Bk,2417417,84235,6408,2015-06-24T15:29:14Z,PT2M37S
PRO SNIPER MLG 720 NOSCOP. (Blockade #2),SQUEEZIE,https://www.youtube.com/watch?v=NwXSjF5x6BU,7390597,116751,4977,2015-06-23T15:42:00Z,PT6M42S
MANGER JUSQU’À L'INFINI ! (Agario #2),SQUEEZIE,https://www.youtube.com/watch?v=MKt6H3ihYWY,9551164,165489,10511,2015-06-21T19:17:00Z,PT6M47S
ON VISITE MON VIEUX SKYBLOG !,SQUEEZIE,https://www.youtube.com/watch?v=o1PSh7H2chg,8289904,207446,7774,2015-06-19T15:59:58Z,PT8M42S
NE PAS CLIGNER DES YEUX ! (Statues),SQUEEZIE,https://www.youtube.com/watch?v=hMGRCqpfFXU,4399219,91669,4297,2015-06-17T15:59:34Z,PT6M25S
BRÛLE FRUIT DU DÉMON ! (Fly in the house),SQUEEZIE,https://www.youtube.com/watch?v=WXzui57DoH0,2822426,65628,2245,2015-06-16T16:13:37Z,PT5M25S
JE VEUX TOUT MANGER. (Agario),SQUEEZIE,https://www.youtube.com/watch?v=36gzJDZdWoI,12938334,199834,7297,2015-06-14T16:01:43Z,PT6M16S
4 MILLIONS D’ABONNÉS : ON S'APPELLE ?,SQUEEZIE,https://www.youtube.com/watch?v=QZbND5nRs7k,5996526,224388,10421,2015-06-12T17:42:51Z,PT10M24S
LE MUSÉE DES ÉTRANGETÉS  ! (Compilation de jeux),SQUEEZIE,https://www.youtube.com/watch?v=t5b6AnIuT2o,4136483,89615,3018,2015-06-10T15:35:40Z,PT7M34S
SURVIVRE EN MILIEU DINOSAURESQUE. (ARK Survival Evolved),SQUEEZIE,https://www.youtube.com/watch?v=TfibqdK0aEg,7112420,128938,6785,2015-06-09T16:53:54Z,PT6M50S
JE SUIS TERRIFIÉ ! (Power Drill Massacre),SQUEEZIE,https://www.youtube.com/watch?v=TK2PP5C7CEI,2871751,63906,3311,2015-06-07T17:11:13Z,PT7M29S
COMMENT DEVENIR LAID ? (Booth),SQUEEZIE,https://www.youtube.com/watch?v=qxk0CYi5fL8,7284799,181575,10919,2015-06-05T15:13:44Z,PT5M17S
UNE VIDÉO PASSIONNANTE.,SQUEEZIE,https://www.youtube.com/watch?v=pqhmaWy2Il4,6321336,163844,6894,2015-06-03T19:51:22Z,PT5M31S
MON PANTALON APRÈS CETTE VIDÉO. (Gridberd),SQUEEZIE,https://www.youtube.com/watch?v=sa8qF-0Jip8,6278406,116850,4418,2015-06-02T20:23:33Z,PT7M34S
LE MONSTRE QUI NE FAISAIT PAS PEUR ! (Erie),SQUEEZIE,https://www.youtube.com/watch?v=y5s-gonYWr0,3384619,79711,2828,2015-05-31T17:08:23Z,PT7M33S
LA VIDÉO BAT LES STEAKS.,SQUEEZIE,https://www.youtube.com/watch?v=ZPqYPqBoZok,9725014,243772,16111,2015-05-29T17:34:52Z,PT6M41S
LE RETOUR DU STYLE ET DE LA VIRILITÉ ! (Double Action),SQUEEZIE,https://www.youtube.com/watch?v=TxyHXInM7Hg,3066685,61254,1713,2015-05-27T19:02:32Z,PT5M57S
MORTAL VICTOIRE X !,SQUEEZIE,https://www.youtube.com/watch?v=gyYTXQRyQb8,5855299,144007,8438,2015-05-26T16:39:01Z,PT9M
VOTRE TÊTE DEVANT CE JEU.,SQUEEZIE,https://www.youtube.com/watch?v=b4jc_-RQ9A4,8449714,212481,6372,2015-05-24T16:54:37Z,PT5M58S
GIRAFE SENPAI ! (Compilation de jeux),SQUEEZIE,https://www.youtube.com/watch?v=ynVd3fUZCVc,6711078,114500,2203,2015-05-22T17:12:44Z,PT6M51S
MORTAL DÉFAITE X !,SQUEEZIE,https://www.youtube.com/watch?v=cm-oHIkblJY,7304139,129142,3090,2015-05-20T19:28:44Z,PT7M54S
ON A TROUVÉ MIRROR'S EDGE 2 ?! (Compilation de jeux),SQUEEZIE,https://www.youtube.com/watch?v=FItuKhcZZFk,3963504,84973,1678,2015-05-19T16:57:37Z,PT6M37S
LA JOIE DE LA CONSTRUCTION !,SQUEEZIE,https://www.youtube.com/watch?v=cK9oeM8leyw,9669418,172099,3485,2015-05-17T18:02:12Z,PT7M58S
JE KIDNAPPE POUR TOI SENPAI ! (Yandere Simulator #2),SQUEEZIE,https://www.youtube.com/watch?v=lFhHWid8AOI,10209058,170541,4770,2015-05-15T17:59:49Z,PT5M31S
COMMENT SEREZ-VOUS DANS 20 ANS ?,SQUEEZIE,https://www.youtube.com/watch?v=MYT6cTgzOdk,6015651,129905,2889,2015-05-13T17:48:33Z,PT4M31S
JE SUIS TERMINÉ. J'EMM#RDE CE JEU.,SQUEEZIE,https://www.youtube.com/watch?v=819eQB5jStA,4091084,91139,2930,2015-05-12T16:58:32Z,PT7M28S
LE MEILLEUR MOD DE GTA V !,SQUEEZIE,https://www.youtube.com/watch?v=ElJImm7UMhE,18982663,309962,7481,2015-05-10T17:32:04Z,PT6M21S
THIS IS GOATZ ! (Goat Simulator DLC),SQUEEZIE,https://www.youtube.com/watch?v=1QAhHBF5Gx0,5199392,122765,2989,2015-05-08T17:50:34Z,PT7M50S
DROGUE SNIFF DROGUE (Compilation de jeux),SQUEEZIE,https://www.youtube.com/watch?v=4R5xuEcFZr0,5982856,109712,1969,2015-05-06T17:22:14Z,PT7M48S
LE JEU LE PLUS KAWAII ! (Pongo),SQUEEZIE,https://www.youtube.com/watch?v=mjDz5WnVcGg,4981885,96717,3131,2015-05-05T15:31:30Z,PT7M31S
PHOTOMONTAGE.exe,SQUEEZIE,https://www.youtube.com/watch?v=TcBtqWtGeLg,5420821,127984,3097,2015-05-01T17:44:20Z,PT4M59S
JE RAGE CONTRE MOI-MÊME ! (Squeezie : le jeu),SQUEEZIE,https://www.youtube.com/watch?v=Yxg4CyEnoA8,8984348,200811,5986,2015-04-29T19:07:55Z,PT6M44S
JE SUIS SQUEEZIE SENSEI ! (Toribash),SQUEEZIE,https://www.youtube.com/watch?v=oDrC1l57fwU,8638105,125637,3758,2015-04-28T17:12:09Z,PT7M11S
COMMENT (NE PAS) SOIGNER SON MAL DE GORGE ?,SQUEEZIE,https://www.youtube.com/watch?v=iY1ULhxJcT4,5555076,128282,6285,2015-04-26T16:45:55Z,PT4M14S
10 MINUTES DANS UN BUNKER HANTÉ !,SQUEEZIE,https://www.youtube.com/watch?v=OIBHEBDCcfs,3223872,86372,3275,2015-04-24T19:28:17Z,PT10M37S
RENTRER CHEZ SOI BOURRÉ... (Compilation de jeux),SQUEEZIE,https://www.youtube.com/watch?v=dEqEygmnAWw,5764750,108014,2436,2015-04-22T19:05:56Z,PT6M54S
LE PROJET TITAN. (Besiege #2),SQUEEZIE,https://www.youtube.com/watch?v=0StqAFOxpTo,9045733,153462,4623,2015-04-19T18:32:44Z,PT7M11S
UNE INCROYABLE GRENOUILLE.,SQUEEZIE,https://www.youtube.com/watch?v=sFYDUagD_2Q,5108310,103133,3092,2015-04-17T18:25:12Z,PT6M47S
JE NE RAGE PAS. JAMAIS. VRAIMENT. (Give Up 2),SQUEEZIE,https://www.youtube.com/watch?v=FYqH4t48zoc,5354731,100953,2737,2015-04-15T18:16:45Z,PT7M23S
CES CRÉATURES SONT TERRIFIANTES. (Spooky's House),SQUEEZIE,https://www.youtube.com/watch?v=I0NJcKac5Rs,3942954,91039,2385,2015-04-12T17:29:52Z,PT9M5S
BONUS : BÊTISIER QUESTION TIME 12 !,SQUEEZIE,https://www.youtube.com/watch?v=-h_5dwJGm2o,9420867,125716,3292,2015-04-11T16:19:09Z,PT3M1S
4 BEAUFS EN VACANCES FINISSENT MAL... (Lakeview Cabin),SQUEEZIE,https://www.youtube.com/watch?v=F67Wvh5yDss,4939375,99717,2660,2015-04-10T18:23:13Z,PT7M34S
TU ME VEUX SENPAI ? :$ (Compilation de jeux),SQUEEZIE,https://www.youtube.com/watch?v=aBBLYj1-oeE,6251508,158134,4406,2015-04-08T18:37:52Z,PT7M46S
STOP CHEAT MONSIEUR LE CERF (Alpages: The Five Books),SQUEEZIE,https://www.youtube.com/watch?v=KSAWbf-8nVc,1800136,45957,1557,2015-04-07T18:14:06Z,PT6M54S
J'AI MON PREMIER ENFANT ! (Question Time 12),SQUEEZIE,https://www.youtube.com/watch?v=w92JiKNeEsc,15048038,296453,11219,2015-04-05T18:05:41Z,PT4M47S
CET ENFANT VA VOUS FAIRE CRAQUER. (Happy Wheels),SQUEEZIE,https://www.youtube.com/watch?v=k3WRZshAFdU,8832684,146924,3181,2015-04-03T18:05:17Z,PT6M35S
L'ULTIME REMÈDE CAPILLAIRE ! (Hair Try On),SQUEEZIE,https://www.youtube.com/watch?v=sfmNaqaVg-8,3618664,82739,2508,2015-04-01T17:40:12Z,PT4M46S
"IL PREND LE TRAIN, PUIS... (The Train)",SQUEEZIE,https://www.youtube.com/watch?v=7xi_bmxBxK0,2971227,69458,2150,2015-03-31T19:14:07Z,PT9M9S
JE BRÛLE DE RAGE ! (Compilation de jeux),SQUEEZIE,https://www.youtube.com/watch?v=u_3nsMgZhnk,6658000,117198,3169,2015-03-29T18:25:04Z,PT6M55S
JE PASSE AU DÉTECTEUR DE MENSONGE (ÉLECTRIQUE),SQUEEZIE,https://www.youtube.com/watch?v=vlMhQ9nzFQM,12746534,274360,9315,2015-03-27T19:06:01Z,PT5M53S
MOI TOUT RATER MOI TOUT CASSER ! (Medieval Engineers),SQUEEZIE,https://www.youtube.com/watch?v=X5vHDu4XRWw,4704914,106275,1647,2015-03-25T18:36:22Z,PT6M44S
LE COURS D’ÉDUCATION SEXUELLE. (Compilation de jeux),SQUEEZIE,https://www.youtube.com/watch?v=6bPYQUBMhfI,5113651,82809,3205,2015-03-24T18:51:14Z,PT8M4S
SIMULATEUR DE COMBAT ALCOOLISÉ ! (Kuja),SQUEEZIE,https://www.youtube.com/watch?v=OFasPYWS7dE,3888366,62523,1800,2015-03-22T18:38:52Z,PT5M56S
JE REGRETTE PROFONDÉMENT. (Tabasco Challenge),SQUEEZIE,https://www.youtube.com/watch?v=tM7gZT5aNhs,6592296,123289,5437,2015-03-20T18:16:29Z,PT7M41S
ESCALIERS ! (DAT TITRE) - Stairs,SQUEEZIE,https://www.youtube.com/watch?v=oPX4vAPgL6o,2225531,53408,1875,2015-03-18T18:22:00Z,PT7M29S
10 MINUTES DE SOUFFRANCE. (The Impossible Quiz),SQUEEZIE,https://www.youtube.com/watch?v=dDb1oXh1o4g,9063790,155118,4316,2015-03-17T16:33:45Z,PT10M29S
LE DUEL ÉLECTRIQUE !,SQUEEZIE,https://www.youtube.com/watch?v=uSSNT7-X428,9575036,207446,7294,2015-03-15T18:07:40Z,PT6M27S
LE SECRET DE JUMBO... (Evie #2),SQUEEZIE,https://www.youtube.com/watch?v=A3k4bV4OncQ,10342424,195232,6039,2015-03-13T18:04:07Z,PT5M28S
MEILLEUR SELFIE DU MONDE 10/10 (DreadOut #2),SQUEEZIE,https://www.youtube.com/watch?v=KlEMvbIR_cg,1931436,45707,1546,2015-03-11T17:47:19Z,PT7M47S
MES DESSINS PRENNENT VIE ! :') (Draw a Stickman: EPIC),SQUEEZIE,https://www.youtube.com/watch?v=Aytq7eDYauk,4034132,84580,2891,2015-03-10T17:26:01Z,PT7M36S
APPELEZ-MOI ZIE... SQUEEZIE (Five Nights at Freddy's 3 FIN),SQUEEZIE,https://www.youtube.com/watch?v=BdcNPlzvtgU,5409365,168659,8924,2015-03-08T18:22:31Z,PT6M36S
DÉFINITION DU TRY HARD. (10 Second Ninja),SQUEEZIE,https://www.youtube.com/watch?v=6faeA6aq-RQ,5824320,112173,4043,2015-03-06T18:31:18Z,PT7M18S
JOYEUX ANNIVERSAIRE TOUT L'MONDE ! (4 ans),SQUEEZIE,https://www.youtube.com/watch?v=1ryovNbc87Q,5200934,188761,15899,2015-03-04T18:31:11Z,PT7M47S
Five Nights at Freddy's 3 : SURPASSONS-NOUS !,SQUEEZIE,https://www.youtube.com/watch?v=cZEJYc_3zao,6509484,125946,12567,2015-03-03T18:29:44Z,PT9M15S
"CONSTRUIRE, DÉTRUIRE, JOUIR. (Robocraft)",SQUEEZIE,https://www.youtube.com/watch?v=kgCHf5uTx6U,6540377,106255,4055,2015-03-01T18:25:53Z,PT7M11S
MEILLEURE CINÉMATIQUE D'UN JEU 10/10 (DreadOut),SQUEEZIE,https://www.youtube.com/watch?v=bnQWnuhPib8,2315384,54589,2098,2015-02-27T16:48:48Z,PT8M8S
UN AMOUR IMPOSSIBLE... (Stranded Deep),SQUEEZIE,https://www.youtube.com/watch?v=sDExdYefmBE,6262758,107729,3717,2015-02-25T17:01:09Z,PT6M19S
BIENVENUE À BORD B#TCH ! (The Ship),SQUEEZIE,https://www.youtube.com/watch?v=pLSCuQ_8lKo,5610682,75686,2265,2015-02-24T17:46:16Z,PT6M56S
MA PASSION SECRÈTE... (Bridge Constructor),SQUEEZIE,https://www.youtube.com/watch?v=na5SIr5VNrk,11220558,169176,4381,2015-02-22T19:05:26Z,PT7M8S
DESSINONS DES STARS !,SQUEEZIE,https://www.youtube.com/watch?v=rIMtx7U2USk,8714261,200423,12408,2015-02-20T18:51:46Z,PT5M3S
FIVE NIGHTS AT FREDDY'S : WTF ÉDITION,SQUEEZIE,https://www.youtube.com/watch?v=E_PLT-QaoMQ,5547913,94214,4640,2015-02-18T18:28:28Z,PT7M16S
LA FAIBLESSE DE L'HOMME... (Compilation de jeux),SQUEEZIE,https://www.youtube.com/watch?v=28kmQRnuWtM,5836819,106424,3658,2015-02-17T18:14:21Z,PT6M7S
QUAND SCOTT SE FÂCHE TRÈS FORT ! (Monstrum),SQUEEZIE,https://www.youtube.com/watch?v=R0gqOjA1u1Y,2576691,52762,2589,2015-02-15T18:29:08Z,PT7M10S
POUVONS-NOUS SORTIR AVEC ELLE ? (Saint-Valentin),SQUEEZIE,https://www.youtube.com/watch?v=8kjlWlAzIUg,12206707,188329,6410,2015-02-13T19:54:39Z,PT8M12S
LE PLUS ÉTRANGE DES JEUX TABLETTE. (Compilation),SQUEEZIE,https://www.youtube.com/watch?v=wfwlS8GfMKY,7054806,108584,4166,2015-02-11T18:33:32Z,PT7M26S
IL FAIT SON COMEBACK ! (Garry's Mod),SQUEEZIE,https://www.youtube.com/watch?v=7Naikrsmo-w,4857866,75410,2596,2015-02-10T18:16:49Z,PT7M32S
ÇA VOUS DIT DE TOUT FAIRE PÉTER ? (Besiege),SQUEEZIE,https://www.youtube.com/watch?v=iuBHONhiuII,8126044,149470,5611,2015-02-08T18:01:49Z,PT8M21S
HATERS GONNA NUS ! (First Person Lover),SQUEEZIE,https://www.youtube.com/watch?v=oaYvSFXMa80,3168903,69011,2872,2015-02-06T18:26:31Z,PT7M22S
COMMENT (NE PAS) SÉDUIRE CETTE FEMME ?,SQUEEZIE,https://www.youtube.com/watch?v=yM4Hepci-yE,10864089,217473,10886,2015-02-04T18:30:03Z,PT5M20S
SPEEDRUNNERS: BORDEL ÉDITION,SQUEEZIE,https://www.youtube.com/watch?v=2tdu6kim_RU,2303331,50027,2048,2015-02-03T18:25:03Z,PT6M50S
LES VILAINS COMMENTAIRES...,SQUEEZIE,https://www.youtube.com/watch?v=6djASMi2B8k,12317286,370539,55053,2015-02-01T18:48:07Z,PT6M17S
PLUS DE TÊTE ? AUCUN PROBLÈME ! (Chivalry),SQUEEZIE,https://www.youtube.com/watch?v=ZcWLesWr4x0,2667656,47344,1969,2015-01-30T15:52:19Z,PT6M32S
"DES CRABES, DES CRABES PARTOUT ! (Stranded Deep)",SQUEEZIE,https://www.youtube.com/watch?v=8epK-g9Ofvc,4858923,88354,3156,2015-01-28T15:34:03Z,PT5M38S
COMMENT NE PAS SURVIVRE DANS UN SURVIVAL ?,SQUEEZIE,https://www.youtube.com/watch?v=gYGm3w1Z4Js,3621933,58189,3430,2015-01-27T17:42:59Z,PT9M6S
PRO JEU D'HORREUR ! (Stowaway),SQUEEZIE,https://www.youtube.com/watch?v=Jfuxk1wmbuU,2153049,49099,2621,2015-01-25T17:00:42Z,PT7M56S
L'ATTAQUE DES TITANS !,SQUEEZIE,https://www.youtube.com/watch?v=Nq4EUIMs4IY,6047365,116965,7891,2015-01-23T18:55:58Z,PT6M30S
QUEL EST LE F#CK ?! (Compilation de jeux),SQUEEZIE,https://www.youtube.com/watch?v=SGvuRsCogVM,3536195,64606,2492,2015-01-21T18:00:52Z,PT4M48S
SQUEEZIE RENDU FOU PAR UN JEU. (Wooden Floor),SQUEEZIE,https://www.youtube.com/watch?v=DBbjLrqMgMo,3627310,71888,3937,2015-01-20T19:33:56Z,PT7M52S
JAKE : L'ENFANT ARROGANT (Happy Wheels),SQUEEZIE,https://www.youtube.com/watch?v=_qE7hParoT8,11408520,155918,4106,2015-01-18T19:02:49Z,PT7M37S
LE JEU QUI TESTE TA PATIENCE !,SQUEEZIE,https://www.youtube.com/watch?v=tD_qHYRbtfU,7029159,135765,5565,2015-01-16T18:02:26Z,PT6M53S
THIEF TOWN !,SQUEEZIE,https://www.youtube.com/watch?v=7A0zMiiRMyk,2332624,53471,2841,2015-01-14T18:14:47Z,PT7M19S
BLAGUE TERRIFIANTE POUR YOUTUBER..! (Compilation de jeux tablettes),SQUEEZIE,https://www.youtube.com/watch?v=HISKjj1egIc,10315595,150030,6121,2015-01-13T17:00:13Z,PT8M12S
LA BATAILLE LA PLUS ÉPIQUE ! (Grimoire: Manastorm),SQUEEZIE,https://www.youtube.com/watch?v=2wCLB_mCsBI,2606164,56129,2154,2015-01-11T17:00:14Z,PT5M29S
90 SECONDES POUR DESSINER (MAL) !,SQUEEZIE,https://www.youtube.com/watch?v=eEijHOLEODw,4690985,82576,2876,2015-01-09T18:04:21Z,PT5M46S
BUGBUGBUGBUGBUG (Haunted Memories),SQUEEZIE,https://www.youtube.com/watch?v=h2wYOdDgDeE,2367486,84793,8934,2015-01-07T18:57:56Z,PT8M40S
TRICHER POUR GAGNER ! (ScreenCheat),SQUEEZIE,https://www.youtube.com/watch?v=cfAT9kf-Y-o,4837300,79641,2401,2015-01-06T17:36:19Z,PT9M1S
CE JEU PEUT VOIR VOTRE AVENIR... (Compilation de jeux),SQUEEZIE,https://www.youtube.com/watch?v=pQ9ExxEtPyo,6854004,116595,3213,2015-01-04T18:24:35Z,PT8M33S
JUMBO VS POLICE (Turbo Dismount),SQUEEZIE,https://www.youtube.com/watch?v=t2Dzww9_vxI,8925222,130350,4181,2015-01-02T18:06:26Z,PT7M30S
NOUVEL AN DANS UNE MAISON HANTÉE... (Paranormal),SQUEEZIE,https://www.youtube.com/watch?v=NKOmkiCxklE,3356709,71674,4030,2014-12-31T17:36:11Z,PT9M29S
"NAZIS, CRAIGNEZ-NOUS ! (Super Wolfenstein HD)",SQUEEZIE,https://www.youtube.com/watch?v=Wd0ODGKEPhU,3661276,67397,2832,2014-12-30T17:33:36Z,PT6M50S
MON CADEAU DE NOËL POUR VOUS !,SQUEEZIE,https://www.youtube.com/watch?v=M0K9Akpt0Gg,2670160,73986,5332,2014-12-29T16:29:19Z,PT3M36S
L’ACHÈVEMENT DE TOUTE UNE VIE !,SQUEEZIE,https://www.youtube.com/watch?v=_15Fuql4VAI,5873462,123716,3363,2014-12-28T18:32:52Z,PT7M15S
COMPILATION DE JEUX DE QUALITÉ,SQUEEZIE,https://www.youtube.com/watch?v=GFcxPQKHgyU,7191860,110510,2958,2014-12-26T17:42:58Z,PT7M46S
QUE FAIRE LE SOIR DE NOËL ? (The Very Organized Thief),SQUEEZIE,https://www.youtube.com/watch?v=7eOsdIfW1VE,4774519,81699,2693,2014-12-24T16:32:17Z,PT7M11S
BÉBÉ SQUEEZIE EST DE RETOUR ! (Among The Sleep DLC),SQUEEZIE,https://www.youtube.com/watch?v=R91MsvP5LLo,3304966,62255,2368,2014-12-23T18:57:49Z,PT8M31S
QUAND MINECRAFT RENCONTRE COUNTER-STRIKE !,SQUEEZIE,https://www.youtube.com/watch?v=pXD9QWO4SGs,7659034,125039,5390,2014-12-21T17:30:44Z,PT7M42S
JE SUIS DEVENU UN MONSTRE !,SQUEEZIE,https://www.youtube.com/watch?v=drLlXOZbXuE,10874733,194743,7251,2014-12-19T19:29:48Z,PT3M34S
COMMENT SE FAIRE DES AMIS ? (Road Redemption #3),SQUEEZIE,https://www.youtube.com/watch?v=lC0cb7XwNTY,3790755,65625,2239,2014-12-17T18:04:50Z,PT6M46S
"NON, JE NE RAGERAI PAS. (Wizard Wizard)",SQUEEZIE,https://www.youtube.com/watch?v=CayXNc03dM0,3370918,65806,2105,2014-12-16T18:31:08Z,PT8M21S
SHREK MADNESS !,SQUEEZIE,https://www.youtube.com/watch?v=JdC_cQZjbfc,2097603,54292,1808,2014-12-14T18:27:25Z,PT5M22S
SAVEZ-VOUS DANSER ? MOI NON.,SQUEEZIE,https://www.youtube.com/watch?v=Ku4__zuIzsg,5140524,111572,9457,2014-12-13T17:35:46Z,PT7M40S
SLAPMAN : LE NOUVEAU SUPER-HÉROS ! (Compilation de jeux),SQUEEZIE,https://www.youtube.com/watch?v=JmfKnVgwbOs,4992157,82468,2726,2014-12-12T17:22:01Z,PT7M51S
STARWHAL !,SQUEEZIE,https://www.youtube.com/watch?v=lWIDDOZzpCQ,5170407,72030,2086,2014-12-10T17:16:36Z,PT10M14S
MEILLEUR POLICIER DU MOND...RAGERAGE (Deputy Dangle),SQUEEZIE,https://www.youtube.com/watch?v=YarMkkRc39Q,5117454,76690,1772,2014-12-09T17:42:19Z,PT7M40S
SIMULATEUR D'ACHATS DE NOËL,SQUEEZIE,https://www.youtube.com/watch?v=fFqXbRzZsGQ,5271241,90352,2708,2014-12-07T18:19:08Z,PT7M27S
LA TARTINE QUI TE TEND ! (I am Bread),SQUEEZIE,https://www.youtube.com/watch?v=grx5qsPrbkk,5765896,96410,3521,2014-12-05T17:39:31Z,PT7M36S
SQUEEZIE VS ABONNÉS (#1?),SQUEEZIE,https://www.youtube.com/watch?v=RSEflJXeTYw,3681249,77064,4744,2014-12-03T18:39:34Z,PT6M54S
QUAND LES TRAINS NE BLAGUENT PAS. (Compilation de jeux),SQUEEZIE,https://www.youtube.com/watch?v=Cyw4vjaGmFE,7304768,126213,4550,2014-12-02T18:31:07Z,PT7M
MERCI,SQUEEZIE,https://www.youtube.com/watch?v=kEen5TK_R4s,1828050,154637,18848,2014-12-01T18:28:25Z,PT7M40S
UN VOYAGE DANS LE TEMPS?!,SQUEEZIE,https://www.youtube.com/watch?v=em5cpFv05aE,7961348,165842,8121,2014-11-30T17:57:29Z,PT8M37S
LE JEU LE PLUS BADASS ! (Muddy Heights & PTTR),SQUEEZIE,https://www.youtube.com/watch?v=ztk7z-JIOL0,8454331,126543,2820,2014-11-28T17:03:23Z,PT7M3S
LE NIVEAU SECRET DES VACHES ! (Goat MMO #2),SQUEEZIE,https://www.youtube.com/watch?v=l2sn9UjPtfc,3187775,57224,3618,2014-11-26T16:09:43Z,PT7M4S
SUPER SMASH BRAWLHALLA !,SQUEEZIE,https://www.youtube.com/watch?v=uDjAJ8tw178,4250247,67905,3087,2014-11-25T18:30:24Z,PT11M11S
COMMENT ÊTRE KIM KARDASHIAN ?,SQUEEZIE,https://www.youtube.com/watch?v=d82b3Kerleo,14378671,275859,13907,2014-11-23T17:27:49Z,PT5M
GOA... MICRO-ONDES SIMULATOR ?! (Goat MMO #1),SQUEEZIE,https://www.youtube.com/watch?v=DiRwl-CIVAs,3107344,57829,1922,2014-11-21T17:54:06Z,PT8M39S
ALIEN FRENCH KISS (Alien: Isolation Oculus),SQUEEZIE,https://www.youtube.com/watch?v=ldwjQVlKTVg,2318749,46622,1863,2014-11-19T18:02:00Z,PT8M19S
DÉFINITION DE L'HOMME NON DOUÉ. (GTA V PS4),SQUEEZIE,https://www.youtube.com/watch?v=1HxUB80ybYc,9320218,132995,4712,2014-11-18T18:47:43Z,PT8M54S
DUNGEON NIGHTMARES 2,SQUEEZIE,https://www.youtube.com/watch?v=3VWXU9ZbhG4,1649902,46733,2455,2014-11-16T17:00:12Z,PT8M7S
SAVEZ-VOUS FAIRE 2 CHOSES À LA FOIS ? (Compilation de jeux),SQUEEZIE,https://www.youtube.com/watch?v=RoPfPoV3uyk,5915595,90545,3175,2014-11-14T17:59:17Z,PT7M55S
THE FOREST COOP,SQUEEZIE,https://www.youtube.com/watch?v=82CWR9BRAlU,3757335,63699,2948,2014-11-12T17:59:38Z,PT8M12S
C'EST TROP POUR MOI. (Five Nights at Freddy's 2),SQUEEZIE,https://www.youtube.com/watch?v=oAm7DpUAYJY,8313475,150295,17258,2014-11-11T17:31:01Z,PT8M40S
L’ÉPREUVE FINALE.,SQUEEZIE,https://www.youtube.com/watch?v=cVgWHy5qzxQ,7507288,175738,38227,2014-11-09T17:30:51Z,PT6M47S
LE FILS CACHÉ DE TOM CRUISE ! (Lullaby),SQUEEZIE,https://www.youtube.com/watch?v=rWHSwXaeZPM,2665829,52190,2297,2014-11-07T18:37:41Z,PT6M29S
PLEURER DE RAGE... (The Impossible Game),SQUEEZIE,https://www.youtube.com/watch?v=zbpcAaeys1s,4808558,83723,6981,2014-11-05T17:41:36Z,PT8M14S
QUE SE CACHAIT-IL DANS LES TRANCHÉES ? (1916),SQUEEZIE,https://www.youtube.com/watch?v=giyZAaMbBIA,3140055,61359,3112,2014-11-04T18:31:37Z,PT7M5S
IL CAMBRIOLE LA MAUVAISE MAISON...,SQUEEZIE,https://www.youtube.com/watch?v=6l8lobKhHBo,5291662,81867,3382,2014-11-02T18:58:28Z,PT7M40S
PILOTE OU PAS PILOTE ? (Air Brawl),SQUEEZIE,https://www.youtube.com/watch?v=EG-83Cgnqoo,3161870,63017,3039,2014-10-31T19:39:22Z,PT6M23S
COUPER DES FRUITS TU FERAS ! (Compilation de jeux),SQUEEZIE,https://www.youtube.com/watch?v=Z4y3IWzEMQE,5156156,82510,3056,2014-10-29T17:18:08Z,PT6M55S
SOCCER PHYSICS !,SQUEEZIE,https://www.youtube.com/watch?v=DCOxtK4eiAA,6664934,99649,4804,2014-10-28T17:00:14Z,PT7M38S
ANIMALS GONNA HATE ! (Far Cry 4),SQUEEZIE,https://www.youtube.com/watch?v=1YEPCuUhjUU,6965795,95470,5151,2014-10-26T18:01:42Z,PT9M11S
LA FIN D'ALIEN ISOLATION...,SQUEEZIE,https://www.youtube.com/watch?v=beCf9SaGce4,3362075,157108,8374,2014-10-25T15:55:45Z,PT15M53S
COIFFONS DES YOUTUBERS!,SQUEEZIE,https://www.youtube.com/watch?v=U4bEprFhZa8,5747928,111049,7722,2014-10-24T19:39:39Z,PT6M56S
ILS ONT DES ENFANTS... DES AFFREUX ENFANTS. - Alien: Isolation gameplay FR - #10,SQUEEZIE,https://www.youtube.com/watch?v=2IsWH5CiCq4,2000483,49413,2861,2014-10-23T16:29:39Z,PT14M51S
L'INCROYABLE OPÉRATION D'OCTODAD !,SQUEEZIE,https://www.youtube.com/watch?v=S0hLm-ldPFI,5540493,81633,2837,2014-10-22T15:30:06Z,PT7M32S
HUMAINS VS REQUINS!,SQUEEZIE,https://www.youtube.com/watch?v=F_JYcZ0FSeY,4857266,72070,2591,2014-10-21T18:14:19Z,PT9M28S
NU COMME UN VER ;_; - Alien: Isolation gameplay FR - #9,SQUEEZIE,https://www.youtube.com/watch?v=O3vXp3cjs4E,2078721,47712,2152,2014-10-20T19:03:22Z,PT10M41S
"CET HOMME EST JOSEPH, IL EST DANGEREUX. (The Evil Within)",SQUEEZIE,https://www.youtube.com/watch?v=152NcXaiJCg,2999465,54597,2179,2014-10-19T17:32:51Z,PT8M50S
"DES ANDROÏDES, DES ANDROÏDES PARTOUT ! - Alien: Isolation gameplay FR - #8",SQUEEZIE,https://www.youtube.com/watch?v=Bm85gU6UvXo,2003199,48186,1958,2014-10-18T19:41:13Z,PT14M8S
JE VEUX RENTRER À MA MAISON ! - Alien: Isolation gameplay FR - #7,SQUEEZIE,https://www.youtube.com/watch?v=OYlmmjsuiZw,1986846,53667,1749,2014-10-17T15:09:24Z,PT15M45S
L'INCROYABLE RENCARD D'OCTODAD !,SQUEEZIE,https://www.youtube.com/watch?v=c1m2lzcrUek,4945287,84375,2528,2014-10-15T16:54:13Z,PT8M16S
J'AI PASSÉ UNE NUIT MOUVEMENTÉE. (The Forest #8),SQUEEZIE,https://www.youtube.com/watch?v=1CLcfMD05fM,3599321,66924,2394,2014-10-14T17:20:14Z,PT8M21S
J’ÉTAIS SUR L'ORDI QUAND SOUDAINEMENT... - Alien: Isolation gameplay FR - #6,SQUEEZIE,https://www.youtube.com/watch?v=2aqubQYfsJM,2406879,54327,2648,2014-10-13T18:09:32Z,PT13M32S
LA VÉRITÉ SUR HARRY POTTER !,SQUEEZIE,https://www.youtube.com/watch?v=Ey9QmuJ0MP0,14075347,334955,15927,2014-10-12T18:23:11Z,PT4M55S
BIENVENUE À ANDROIDLAND ! - Alien: Isolation gameplay FR - #5,SQUEEZIE,https://www.youtube.com/watch?v=5Mv0ZAK9S64,2311874,52065,2939,2014-10-11T18:24:19Z,PT14M46S
CECI EST L'ANARCHIE ! (Road Redemption #2),SQUEEZIE,https://www.youtube.com/watch?v=sqIWbiLA_qk,4460081,71981,2214,2014-10-10T16:31:02Z,PT6M56S
RENCONTRE AVEC L'ALIEN... - Alien: Isolation gameplay FR - #4,SQUEEZIE,https://www.youtube.com/watch?v=jxbFBvQPyqw,2346820,57195,2157,2014-10-09T17:39:42Z,PT12M34S
JE N'ÉTAIS PAS PRÊT À Y JOUER.,SQUEEZIE,https://www.youtube.com/watch?v=42e11WB28hw,8728857,129699,7901,2014-10-08T17:45:51Z,PT11M52S
BESOIN D'UN PIEU ? ON ARRIVE ! - Chivalry: Medieval Warfare,SQUEEZIE,https://www.youtube.com/watch?v=On5ZdOaMQV8,6362067,90876,3466,2014-10-07T17:40:16Z,PT9M14S
NOTRE PREMIER CHAGRIN D'AMOUR ;_; - Alien: Isolation gameplay FR - #3,SQUEEZIE,https://www.youtube.com/watch?v=faZMwKk3YJg,2639979,74476,2516,2014-10-06T16:44:25Z,PT10M51S
CHOQUANT : IL SE FAIT TRAQUER PAR UN SNIPER... (Hunted & Windlands),SQUEEZIE,https://www.youtube.com/watch?v=PgdOd4QZhuE,4371847,81143,2037,2014-10-05T19:28:20Z,PT9M49S
"PIERRE, NOTRE PREMIER AMI... DÉCÉDÉ - Alien: Isolation gameplay FR - #2",SQUEEZIE,https://www.youtube.com/watch?v=gfCRkwncEEQ,2473459,51581,2617,2014-10-04T16:00:12Z,PT9M30S
ON EMBARQUE POUR ALIEN ISOLATION !,SQUEEZIE,https://www.youtube.com/watch?v=xiEGN8ieVDM,3386252,74925,4021,2014-10-03T16:26:23Z,PT10M1S
BOTTER DES C*LS AVEC STYLE ! - Double Action: Boogaloo,SQUEEZIE,https://www.youtube.com/watch?v=hMwottj-Grg,4755443,74282,3056,2014-10-01T17:23:36Z,PT9M15S
BESOIN D'UN NETTOYAGE DE VENTRE ? - Phantasmal,SQUEEZIE,https://www.youtube.com/watch?v=Mjdh2j_Qg-8,2419193,42115,2016,2014-09-30T17:49:31Z,PT6M54S
ÇA FAIT QUOI D’ÊTRE UN CHAT ? - Purrkour,SQUEEZIE,https://www.youtube.com/watch?v=bMWKqj-lp6I,7537386,112922,5271,2014-09-28T17:36:51Z,PT8M1S
DOUBLE RAT BURGER ! - Citizen Burger Disorder,SQUEEZIE,https://www.youtube.com/watch?v=Vu9IO8Y_LmE,5877403,85753,3230,2014-09-26T20:52:27Z,PT7M22S
UNE NOUVELLE CHIRURGIE RÉVOLUTIONNAIRE !,SQUEEZIE,https://www.youtube.com/watch?v=r7vt8mhH0TI,15368402,291674,18015,2014-09-24T18:52:31Z,PT4M32S
"PLUS RARE QUE LE DIAMANT, LES... (The Midnight Game)",SQUEEZIE,https://www.youtube.com/watch?v=eB0yTQ_DMx8,2502881,76324,2155,2014-09-23T18:14:52Z,PT8M37S
CE JOUR EST ENFIN ARRIVÉ ! (Sonic Unfair),SQUEEZIE,https://www.youtube.com/watch?v=GGU6uhXH3qA,4457378,71453,3587,2014-09-21T17:42:40Z,PT8M52S
IL N'Y A PAS PLUS SEXY SUR TERRE ! - Doorways: The Underworld,SQUEEZIE,https://www.youtube.com/watch?v=1iSaCbxghX8,4214682,61063,2754,2014-09-19T18:08:43Z,PT9M43S
NE PAS TOUCHER MON RATON LAVEUR ! - The Forest (7),SQUEEZIE,https://www.youtube.com/watch?v=Y9a3auVgK-Y,3553923,67700,3009,2014-09-17T16:47:58Z,PT7M5S
LA DANSE DE L'HOMME REQUIN ! - Speedrunners,SQUEEZIE,https://www.youtube.com/watch?v=oa9m51_FTkQ,3931992,54631,1684,2014-09-16T19:20:31Z,PT8M35S
MANGER DES VOITURES GRATUITEMENT ! - Road Redemption,SQUEEZIE,https://www.youtube.com/watch?v=rhIeMylewRs,6019996,96732,3517,2014-09-14T17:02:29Z,PT7M2S
TRANSFORMONS-NOUS EN HOMME VIRIL ! - Chivalry: Deadliest Warrior,SQUEEZIE,https://www.youtube.com/watch?v=KbKNHlKjlJw,3406195,59900,2034,2014-09-12T18:05:04Z,PT8M15S
C'EST L'HEURE DE LA REVANCHE ! (Draw Something),SQUEEZIE,https://www.youtube.com/watch?v=_JQV2OqmI4A,8157232,152378,5818,2014-09-10T17:49:48Z,PT8M5S
UN BRUIT = LE DÉCÈS ! - Lurking,SQUEEZIE,https://www.youtube.com/watch?v=8_9aoEl0Rpc,3319824,71138,2575,2014-09-09T16:42:00Z,PT8M42S
LORD BURGOR ! (FaceRig),SQUEEZIE,https://www.youtube.com/watch?v=L214dlYBEas,7466102,140367,5765,2014-09-07T18:12:31Z,PT6M55S
ILS SONT VOTRE PIRE CAUCHEMAR ! - Dark Deception,SQUEEZIE,https://www.youtube.com/watch?v=__mMp0CXRFw,2207548,43995,1804,2014-09-05T16:00:10Z,PT6M6S
ÉLU PIRE JOUEUR DE GEOMETRY DASH.,SQUEEZIE,https://www.youtube.com/watch?v=qztM1vEl4xM,8057030,137226,20273,2014-09-03T17:21:12Z,PT7M43S
EXTREME FOOTBALL ! (Garry's Mod),SQUEEZIE,https://www.youtube.com/watch?v=rg9cdQNdqQw,5143323,77898,2650,2014-09-02T18:39:50Z,PT5M32S
LE ICE BAGUETTE CHALLENGE ?! - Question Time 11,SQUEEZIE,https://www.youtube.com/watch?v=Ne87QAqUGW4,15464669,233675,12544,2014-08-31T16:01:52Z,PT4M12S
TOUJOURS SE MÉFIER D'UNE PETITE FILLE ! - Lost In The Rift,SQUEEZIE,https://www.youtube.com/watch?v=tBwX67hFycE,2270327,49592,3227,2014-08-29T18:44:05Z,PT7M41S
J'OUVRE MON SALON DE COIFFURE ! (Toca Hair Salon Me),SQUEEZIE,https://www.youtube.com/watch?v=3t65DnCqUVo,6306176,112050,12189,2014-08-27T18:15:18Z,PT7M31S
UNE ÉQUIPE TALENTUEUSE SUR JUST CAUSE ! (titre non contractuel),SQUEEZIE,https://www.youtube.com/watch?v=aK8MV16YGVo,6019799,124322,6600,2014-08-26T16:01:01Z,PT8M24S
LE MEILLEUR MONTAGE PHOTOSHOP !,SQUEEZIE,https://www.youtube.com/watch?v=YE1mfWlmWxg,12890620,275888,10565,2014-08-24T19:05:43Z,PT7M43S
THE ZOO RACE !,SQUEEZIE,https://www.youtube.com/watch?v=UC3p1WD5PCg,2843125,55915,2639,2014-08-22T18:02:59Z,PT7M27S
QUAND L'ACCIDENT EST PARTOUT ! - Next Car Game,SQUEEZIE,https://www.youtube.com/watch?v=xnDuOKrJzYU,8653297,154688,6248,2014-08-20T17:36:47Z,PT7M22S
QU'Y A-T-IL DE PIRE QU'UN CRI D'ENFANT ? - Affected,SQUEEZIE,https://www.youtube.com/watch?v=li_H1jIqVZ0,2429899,57454,4626,2014-08-19T16:40:13Z,PT9M28S
UNE AVENTURE NORMALE ! (Normal Adventure),SQUEEZIE,https://www.youtube.com/watch?v=TP_JspSdVuU,4249715,69819,1923,2014-08-17T17:49:21Z,PT10M10S
VOUS VOULEZ ÊTRE OPPRESSÉS ? CLIQUEZ. (Five Nights at Freddy's),SQUEEZIE,https://www.youtube.com/watch?v=7r7doddh9Cc,14620318,221254,22053,2014-08-15T17:55:39Z,PT10M54S
ENTREZ DANS MA GROTTE... (Setup),SQUEEZIE,https://www.youtube.com/watch?v=QmeDqbWqAeI,4251966,132140,8028,2014-08-13T16:00:14Z,PT6M14S
POLICIERS VS VOLEURS ! (Garry's Mod),SQUEEZIE,https://www.youtube.com/watch?v=Ch92TkRX0mU,10188178,131101,5439,2014-08-12T16:00:35Z,PT8M57S
BIENVENUE DANS LA MATRICE ! - The Forest (6),SQUEEZIE,https://www.youtube.com/watch?v=qS9wpddroLs,3907571,71283,5507,2014-08-10T16:57:09Z,PT8M38S
AVEZ-VOUS DÉJÀ OPÉRÉ UN CERVEAU ? - The Evil Within Gameplay FR (E3 Demo),SQUEEZIE,https://www.youtube.com/watch?v=Wt9K3osWMGE,3291456,60027,3639,2014-08-08T15:59:24Z,PT13M37S
LA TACTILITÉ À SON SOMMET  ! (Mount Your Friends),SQUEEZIE,https://www.youtube.com/watch?v=BFCXWvyw-1k,4717609,97342,3187,2014-08-06T17:46:56Z,PT8M1S
QUAND J'ÉTAIS PETIT ET INNOCENT !,SQUEEZIE,https://www.youtube.com/watch?v=lkhwNZQOcIc,18313558,382111,27531,2014-08-05T17:33:58Z,PT8M5S
NE RIEN CÉLÉBRER AUX TOILETTES ! - The Cursed Forest (2),SQUEEZIE,https://www.youtube.com/watch?v=kGo_t6jWgeg,2268255,64605,2683,2014-08-03T16:07:31Z,PT7M30S
COMMENT BIEN DESSINER UN POKÉMON ?,SQUEEZIE,https://www.youtube.com/watch?v=n5uZaa8BtyM,5817331,119326,9362,2014-08-01T17:50:04Z,PT7M15S
QUELLE HORREUR SE CACHE DANS CE SEAU ? - The Cursed Forest,SQUEEZIE,https://www.youtube.com/watch?v=SQV_Ez0LOKs,2502104,70405,7492,2014-07-30T17:21:00Z,PT10M52S
BIENVENUE SUR MA MAISON FLOTTANTE ! - The Forest 5,SQUEEZIE,https://www.youtube.com/watch?v=TzXYPritK0E,3795493,76573,3104,2014-07-27T16:19:03Z,PT6M51S
WASSUP GOAT ?!,SQUEEZIE,https://www.youtube.com/watch?v=SxBU92WrFZI,5290364,79238,3667,2014-07-25T17:51:57Z,PT7M59S
NE LE REGARDEZ PAS DANS LES YEUX ! - The Unknown,SQUEEZIE,https://www.youtube.com/watch?v=Jvq8X0ETOrw,2406667,50392,2849,2014-07-23T17:32:33Z,PT7M3S
NE JOUEZ PAS À CES JEUX ! (Compilation),SQUEEZIE,https://www.youtube.com/watch?v=t2I7FU-XSAA,5197136,99768,3519,2014-07-22T17:04:14Z,PT7M4S
"NE PANIQUEZ PAS, VOTRE COU EST CASSÉ. - Vanish",SQUEEZIE,https://www.youtube.com/watch?v=e1vHFriNPSw,6337633,108241,5240,2014-07-20T16:06:24Z,PT8M56S
MELON BOMBER ! (Garry's Mod),SQUEEZIE,https://www.youtube.com/watch?v=GGK-ov8Hxe4,5435458,76245,3394,2014-07-18T16:06:22Z,PT7M9S
COMMENT FINIR EN POSITION FŒTALE SOUS SON BUREAU ?,SQUEEZIE,https://www.youtube.com/watch?v=PDDMcNEsbUc,6464038,76302,3970,2014-07-16T18:54:50Z,PT7M35S
FRAPPÉ POUR AVOIR VOULU UNE GLACE ! (Compilation de jeux),SQUEEZIE,https://www.youtube.com/watch?v=AYczhPlqiqg,6873463,110388,5310,2014-07-15T16:55:22Z,PT6M41S
LE MÉCHANT QUI NE RESSEMBLAIT À RIEN ! - The Hat Man,SQUEEZIE,https://www.youtube.com/watch?v=i2trt8ygrX4,2463237,55589,3049,2014-07-13T15:59:33Z,PT9M5S
DEVINEZ QUI EST DE RETOUR ?!,SQUEEZIE,https://www.youtube.com/watch?v=GEXClo80Au0,5505462,102755,4237,2014-07-11T17:08:06Z,PT7M20S
NE JAMAIS ESSAYER D'IMITER UNE STAR ! (2),SQUEEZIE,https://www.youtube.com/watch?v=lTGLL4SlxzI,9040498,122948,13664,2014-07-09T17:34:05Z,PT5M38S
LOUÉE SOIT LA BANANE ! - Murder 5 (Garry's Mod),SQUEEZIE,https://www.youtube.com/watch?v=Rqwl-kz3rtU,6740546,98898,3847,2014-07-08T15:53:41Z,PT8M31S
DAT-EPIC-WIN ! - Shi No Mori,SQUEEZIE,https://www.youtube.com/watch?v=U0oJ10DW8es,2255638,38275,3678,2014-07-06T16:49:44Z,PT5M11S
"DES CHEVEUX, DES CHEVEUX PARTOUT ! - The Grudge (3 & fin)",SQUEEZIE,https://www.youtube.com/watch?v=6cSWGiE6Ebk,2609853,57662,3872,2014-07-04T14:52:57Z,PT8M49S
NE JAMAIS ESSAYER D'IMITER UNE STAR !,SQUEEZIE,https://www.youtube.com/watch?v=jJJqATgnbgs,11593477,198752,15135,2014-07-02T18:59:02Z,PT5M22S
COMMENT SÉDUIRE UNE INDIGÈNE ? - The Forest (4),SQUEEZIE,https://www.youtube.com/watch?v=UQvzYV5NrDo,4268383,77799,3656,2014-07-01T15:45:31Z,PT8M43S
JE NE PEUX PLUS CONTINUER À Y JOUER ! - The Grudge (2),SQUEEZIE,https://www.youtube.com/watch?v=SrUV8yRJyIs,3751204,64368,7070,2014-06-29T17:01:33Z,PT13M37S
DANSER N'IMPORTE COMMENT N'IMPORTE OÙ ! - Default Dan,SQUEEZIE,https://www.youtube.com/watch?v=M1ZBCUjubEg,5122808,78565,4495,2014-06-27T15:59:28Z,PT7M50S
LE SIMULATEUR DE TERREUR ! - The Grudge (1),SQUEEZIE,https://www.youtube.com/watch?v=DoYc2mZ0Csk,5496983,103602,13793,2014-06-25T16:55:56Z,PT13M21S
VOUS NE TROUVEREZ PAS MEILLEUR ENDROIT !,SQUEEZIE,https://www.youtube.com/watch?v=EDmVI0Zk-ZA,7113836,179198,38380,2014-06-22T17:32:24Z,PT6M11S
ILS NE SONT PAS QUI VOUS PENSEZ... - SlendyTubbies 2,SQUEEZIE,https://www.youtube.com/watch?v=3ZZ4hI7LtGc,2833691,54231,2688,2014-06-21T17:42:44Z,PT6M46S
DES LEGOS PARTOUBLBLBLBLBL ! - Smash (2) (Counter-Strike: Source),SQUEEZIE,https://www.youtube.com/watch?v=k0F21AiHYB8,9206403,117027,4618,2014-06-20T16:18:28Z,PT7M56S
QU'EST-CE-QUE C'EST QUE CE SIAMOIS ?! - The Forest (3),SQUEEZIE,https://www.youtube.com/watch?v=Sf9I-MA8iCg,4308817,67851,2847,2014-06-18T16:47:16Z,PT9M42S
"DR ZOIDBERG, DR ZOIDBERG! - Goat Simulator (5)",SQUEEZIE,https://www.youtube.com/watch?v=Cp15otxd_Uw,5730698,101515,4344,2014-06-15T17:13:22Z,PT9M1S
RIEN NE PEUT STOPPER JIM ! - Turbo Dismount (3),SQUEEZIE,https://www.youtube.com/watch?v=OBgkJNzxEek,6863592,91926,2835,2014-06-13T16:37:46Z,PT8M31S
ÉDUQUEZ CETTE CHÈVRE ! ;_; - Goat Simulator (4),SQUEEZIE,https://www.youtube.com/watch?v=xQ6jGzR7gTw,10902220,157351,5682,2014-06-11T17:13:02Z,PT10M
VOUS ÊTES GÉNIAUX : 22 536€ POUR l'ASSOCIATION !,SQUEEZIE,https://www.youtube.com/watch?v=YmFr6rrJXrI,1425717,55550,4197,2014-06-10T15:37:14Z,PT3M18S
LA TRIBU DES ATTARDÉS ! - The Stomping Land,SQUEEZIE,https://www.youtube.com/watch?v=s4jXfIZFnTY,4991640,86032,3078,2014-06-08T16:01:35Z,PT9M36S
NE ME TOUCHEZ PAS PROFESSEUR XAVIER ! - Among The Sleep (3 et FIN),SQUEEZIE,https://www.youtube.com/watch?v=seLT0CkC_AQ,3925990,85949,4333,2014-06-06T15:44:03Z,PT9M53S
NULLITÉ.EXE A CESSÉ DE FONCTIONNER. - The Forest (2),SQUEEZIE,https://www.youtube.com/watch?v=Fi59Bdx6sJM,3566586,83477,3555,2014-06-04T16:52:43Z,PT8M33S
LA FEMME FOUGÈRE EST LÀ ! - Among The Sleep (2),SQUEEZIE,https://www.youtube.com/watch?v=yAgp7UvxRnE,3457377,70389,2562,2014-06-03T16:00:06Z,PT8M26S
COMMENT NE PAS SURVIVRE DANS UNE FORÊT ? - The Forest (1),SQUEEZIE,https://www.youtube.com/watch?v=gZ5rxET8BtI,5281766,139542,5978,2014-06-01T16:00:57Z,PT9M31S
L'ÉVASION D'UN BÉBÉ ! - Among The Sleep (1),SQUEEZIE,https://www.youtube.com/watch?v=if4fYiSOCm4,7794446,136812,4765,2014-05-30T18:32:52Z,PT11M21S
LE MONDE DES FACEPLANTS ! - Smash (Counter-Strike: Source),SQUEEZIE,https://www.youtube.com/watch?v=OrIWFfg73uo,7449177,113319,3651,2014-05-29T16:58:45Z,PT7M17S
NE JAMAIS SAUVER UNE PRINCESSE ! - Strange Adventure,SQUEEZIE,https://www.youtube.com/watch?v=xICeUFqWM48,6202350,104282,3486,2014-05-27T17:39:14Z,PT8M29S
COMMENT FAIRE UN GÂTEAU PARFAIT ? - Baking Simulator,SQUEEZIE,https://www.youtube.com/watch?v=yUurPiAopck,5862532,86226,3271,2014-05-25T16:11:15Z,PT5M56S
CHOQUÉ DEVANT TANT DE TROLLAGE ! - BattleBlock Theatre,SQUEEZIE,https://www.youtube.com/watch?v=FuCALGvdSBc,7368767,118983,3551,2014-05-23T17:26:23Z,PT11M25S
NE PAS REGARDER SI SENSIBLE ! - Daylight,SQUEEZIE,https://www.youtube.com/watch?v=sY3wYyYxWg0,2423430,67043,4168,2014-05-22T17:40:14Z,PT9M46S
COMMENT BIEN SE FAIRE VICTIMISER ? - Nether,SQUEEZIE,https://www.youtube.com/watch?v=6yDKrzKu_ZY,3774287,62829,2218,2014-05-20T16:59:40Z,PT8M16S
C'EST QUOI CE B#RDEL ?! - DreadOut 2 (FIN),SQUEEZIE,https://www.youtube.com/watch?v=6NqYicZ81SM,2023262,39737,1381,2014-05-18T15:31:22Z,PT6M29S
PERSONNE NE PEUT ME RÉSISTER ! - Murder 4 (Garry's Mod),SQUEEZIE,https://www.youtube.com/watch?v=3XNQ-QtAXEk,6567554,95457,3109,2014-05-17T16:05:30Z,PT7M43S
LE FANTÔME AUX CISEAUX ! - DreadOut 1,SQUEEZIE,https://www.youtube.com/watch?v=uRHKqmGZKgc,3344662,62679,2573,2014-05-16T17:02:39Z,PT10M33S
QUEL EST CET AFFREUX VENTRE ?! - Grave,SQUEEZIE,https://www.youtube.com/watch?v=fLDXeH8VXvY,4113789,73544,2607,2014-05-14T16:01:23Z,PT6M56S
TROP GROS POUR ÊTRE PENDU ! - Outlast: Whistleblower 3 (fin) (DLC),SQUEEZIE,https://www.youtube.com/watch?v=R0uAVmwHgUk,3474835,95292,4206,2014-05-11T16:06:16Z,PT10M15S
COURIR OU MOURIR ! (OU RIRE) - Speedrunners,SQUEEZIE,https://www.youtube.com/watch?v=ovgAOysGNH8,5930883,102286,2745,2014-05-10T17:42:46Z,PT9M26S
TOMBER TOMBER TOMBER : ÇA SUFFIT ! - Outlast: Whistleblower 2 (DLC),SQUEEZIE,https://www.youtube.com/watch?v=nVAuVCIRuvs,2657695,45032,1694,2014-05-09T17:17:26Z,PT10M20S
L'HOMME NU À LA SCIE ! - Outlast: Whistleblower 1 (DLC),SQUEEZIE,https://www.youtube.com/watch?v=HgdQRSP-lvo,4058616,70868,2673,2014-05-07T17:19:45Z,PT8M59S
MINECRAFT VEUT ME TUER ! - Deathrun (Garry's Mod),SQUEEZIE,https://www.youtube.com/watch?v=7EBLDgNbcqs,8173770,83538,2603,2014-05-04T17:00:27Z,PT6M27S
ELLE A BESOIN D'UN DENTISTE ! - Terrorift,SQUEEZIE,https://www.youtube.com/watch?v=lLQNySypjRk,3893996,54792,3128,2014-05-02T17:16:12Z,PT7M22S
À MOI LA LIBERTÉ ! - Ba_jail 2 (Counter-Strike: Source),SQUEEZIE,https://www.youtube.com/watch?v=795Msr_nffM,12211234,165869,6009,2014-04-30T17:39:52Z,PT9M21S
LA REINE DE LA FARINE ! - Question Time 10,SQUEEZIE,https://www.youtube.com/watch?v=vfDOHJ1j8Oc,10174460,181031,16526,2014-04-27T15:30:28Z,PT3M2S
MOURIR DE RIRE DEVANT UN JEU ! - Chivalry Mods,SQUEEZIE,https://www.youtube.com/watch?v=zUtsgmSyUgQ,7270681,99883,2999,2014-04-25T17:29:46Z,PT5M59S
ELLE VEUT ENTRER EN MOI ! - Dungeon Nightmares,SQUEEZIE,https://www.youtube.com/watch?v=Q2szNQuGnOc,2519121,61582,3376,2014-04-24T16:09:13Z,PT8M1S
LA RAGE DU PÈRE NOËL ! - Viscera Cleanup: Santa's Rampage,SQUEEZIE,https://www.youtube.com/watch?v=e78LzwRkqA0,4569250,58719,2221,2014-04-22T16:52:50Z,PT7M7S
RESPECTEZ MON AUTORITÉ ! - Ba_jail (Counter-strike: Source),SQUEEZIE,https://www.youtube.com/watch?v=ggnc2H34ULU,17638967,188303,7353,2014-04-20T15:50:04Z,PT10M24S
L'HOMME QUI ENCAISSAIT LES COUPS ! - Trials Fusion,SQUEEZIE,https://www.youtube.com/watch?v=yKDr9G8t5RY,5092824,71150,2109,2014-04-18T15:57:37Z,PT8M37S
"QUOI QU'IL ARRIVE, JE PASSERAI ! - Turbo Dismount 2",SQUEEZIE,https://www.youtube.com/watch?v=bUAgf3uFWLs,8528313,107463,3293,2014-04-16T16:49:49Z,PT7M38S
LE ZAPPING DE LA BÊTISE !,SQUEEZIE,https://www.youtube.com/watch?v=NsXm01MXa6Y,5373774,137739,4283,2014-04-15T16:12:27Z,PT10M5S
MOURIR D'UNE MANIÈRE ATROCE ! - Oculus Rift Best Of,SQUEEZIE,https://www.youtube.com/watch?v=C_5gg7czHSM,5230241,81588,2451,2014-04-13T15:29:41Z,PT6M40S
JE SENS SA PRÉSENCE... - Maere: When lights die (Oculus Rift),SQUEEZIE,https://www.youtube.com/watch?v=6XLiQsfBn-I,4854858,67584,4115,2014-04-11T16:10:54Z,PT7M1S
PARTY GOAT ANTHEM ! - Goat Simulator 3,SQUEEZIE,https://www.youtube.com/watch?v=7qftjQSTtWY,4341184,72411,3195,2014-04-09T17:18:13Z,PT7M2S
2 MILLIONS D'ABONNÉS : RÉALISONS LEURS RÊVES !,SQUEEZIE,https://www.youtube.com/watch?v=c1S1Ch0e4Ls,1985353,69874,9297,2014-04-08T15:45:08Z,PT3M11S
COUREZ POUR VOTRE VIE ! - Escape Pedo Bear (Garry's Mod),SQUEEZIE,https://www.youtube.com/watch?v=bJois_pwR-Q,9279032,105739,5266,2014-04-06T16:51:16Z,PT8M18S
L'INTÉRIEUR D'UNE MAISON HANTÉE ! - Linger (Oculus Rift),SQUEEZIE,https://www.youtube.com/watch?v=BMdZfd0N5YY,3539787,54720,2806,2014-04-04T17:47:03Z,PT7M39S
LA PIRE EXPÉRIENCE DE MA VIE ! - Oculus Rift Test,SQUEEZIE,https://www.youtube.com/watch?v=QuPRQkEHQI8,7260325,119724,5220,2014-04-03T17:06:20Z,PT4M56S
CECI N'EST MÊME PLUS UNE CHÈVRE ! - Goat Simulator 2,SQUEEZIE,https://www.youtube.com/watch?v=n5N9-YizhgA,6937307,110409,3812,2014-04-01T16:49:03Z,PT8M1S
LA FOURBERIE D'UN PIRATE ! - Chivalry: Deadliest Warrior,SQUEEZIE,https://www.youtube.com/watch?v=tYY9T2b-J40,3092348,45608,1936,2014-03-30T16:36:18Z,PT7M24S
"ÊTRE UNE CHÈVRE, ÊTRE UN GANGSTER ! - Goat Simulator",SQUEEZIE,https://www.youtube.com/watch?v=WYxvvqehDBM,5699592,83635,4181,2014-03-28T19:12:27Z,PT7M13S
"BILLY, LE GOSSE QU'ON DÉTESTE TOUS - Babysitter Bloodbath",SQUEEZIE,https://www.youtube.com/watch?v=edd5W1mGIaA,3297786,55713,2036,2014-03-26T18:11:19Z,PT8M11S
SORTEZ D'ICI TOUT DE SUITE ! - Murder 3 (Garry's Mod),SQUEEZIE,https://www.youtube.com/watch?v=7fOeZPiZXVE,5971120,66869,2650,2014-03-23T18:19:36Z,PT9M40S
COMMENT AVOIR UN TEINT PARFAIT ?! - Question Time 9,SQUEEZIE,https://www.youtube.com/watch?v=W4r77GItK6k,11723238,146836,12128,2014-03-21T19:00:24Z,PT3M58S
FORCÉ D'AVORTER UN HOMME ! - South Park: The Stick of Truth,SQUEEZIE,https://www.youtube.com/watch?v=HVDbwNBE8rQ,7780302,82443,3513,2014-03-19T17:24:54Z,PT10M
CECI EST UN CRASH TEST /!\ - Turbo Dismount,SQUEEZIE,https://www.youtube.com/watch?v=KOA_A1A1vi0,8562003,94557,3640,2014-03-16T16:57:34Z,PT7M18S
COMMENT CHARCUTER UN MALADE ? - Surgeon Simulator (iPad version),SQUEEZIE,https://www.youtube.com/watch?v=zNO2xJhEgd0,5476112,54642,2284,2014-03-14T18:21:59Z,PT6M40S
L'ANARCHIE SUR UN TERRAIN DE FOOT ! - Goofball,SQUEEZIE,https://www.youtube.com/watch?v=MUhXGTNsIG4,7205693,80963,3995,2014-03-12T17:00:04Z,PT7M22S
LE REGARD LE PLUS TERRIFIANT ! - Murder 2 (Garry's Mod),SQUEEZIE,https://www.youtube.com/watch?v=UWaIU50qmkE,4695369,72068,3135,2014-03-09T17:12:35Z,PT7M53S
LE CHAMPS DE BATAILLE DU WTF ! - Plant vs Zombie,SQUEEZIE,https://www.youtube.com/watch?v=qV3LbcHpCNE,3861334,43301,1844,2014-03-07T17:00:08Z,PT6M47S
VOUS NE PASSEREZ PAS ! - Prop Hunt 2 (Garry's Mod),SQUEEZIE,https://www.youtube.com/watch?v=saKA51PHU_g,7654901,110769,4162,2014-03-05T17:06:42Z,PT9M18S
IL FAUT QUE ÇA CESSE ! - Super Mario Bros 3 Remix,SQUEEZIE,https://www.youtube.com/watch?v=43f0QL2wOcs,3493137,49911,2838,2014-03-02T17:29:42Z,PT7M36S
SE GRATTER À TOUT PRIX ! - Happy Wheels 4,SQUEEZIE,https://www.youtube.com/watch?v=vJFAolr3kcA,7596436,75987,3159,2014-02-28T19:45:56Z,PT6M29S
COMMENT BIEN ÉNERVER LES GENS ?! - Skate 3,SQUEEZIE,https://www.youtube.com/watch?v=NUTlS8ym0d4,8354881,101046,6418,2014-02-26T17:42:26Z,PT7M15S
SQUEEZIE PLAGIE PEWDIEPIE ?!,SQUEEZIE,https://www.youtube.com/watch?v=dI97vWeDtik,6372609,171334,14659,2014-02-23T19:24:56Z,PT6M31S
LE TIR À L'ARC DE L'EXTRÊME ! - Probably Archery,SQUEEZIE,https://www.youtube.com/watch?v=lPNqwFXHKzI,2908866,48057,2364,2014-02-21T18:14:38Z,PT7M26S
MEURTRE À LA BANANE! - Question Time 8,SQUEEZIE,https://www.youtube.com/watch?v=SAI4Z1Zou6E,12013608,173651,13828,2014-02-18T19:09:43Z,PT4M57S
"COMPILATION DES PIRES SIMULATEURS ! (Goat Pet, Sitting, Tree...)",SQUEEZIE,https://www.youtube.com/watch?v=f-MMcq4oOFw,3160011,50883,2024,2014-02-14T19:37:12Z,PT5M52S
UN PETIT MASSAGE DES PIEDS ? - Happy Wheels 3,SQUEEZIE,https://www.youtube.com/watch?v=dNf4v5Uklco,5996633,67513,3996,2014-02-12T18:09:18Z,PT6M18S
AUREVOIR FLAPPY BIRD! (Flappy Bird & Fake),SQUEEZIE,https://www.youtube.com/watch?v=_4D5Dw2mm9c,4770786,69598,9438,2014-02-10T18:04:06Z,PT7M48S
ATTAQUÉS PAR UN OURS ! - Rust,SQUEEZIE,https://www.youtube.com/watch?v=FuFfYyy4Ff0,3185219,46055,1929,2014-02-07T18:09:18Z,PT7M23S
BOB LE BRICOLEUR VS ZOMBIES - Dying Light,SQUEEZIE,https://www.youtube.com/watch?v=fcSLWkpWAuw,5137337,67689,2942,2014-02-05T19:03:06Z,PT7M20S
UNE PIEUVRE DANS UNE ATTRACTION ! - Octodad: Dadliest Catch (2),SQUEEZIE,https://www.youtube.com/watch?v=kF5pHeaVkXQ,4839994,65135,2742,2014-02-03T16:27:21Z,PT11M1S
LA PIEUVRE LA PLUS COOL - Octodad: Dadliest Catch (1),SQUEEZIE,https://www.youtube.com/watch?v=5qqbgNEMMqA,3635298,51301,2120,2014-01-31T19:04:17Z,PT8M5S
LE PEDOBEAR DE LOS SANTOS ! - GTA V,SQUEEZIE,https://www.youtube.com/watch?v=MuTTT7awE_E,8695398,106495,5175,2014-01-30T16:31:44Z,PT6M23S
METTRE DES TOILETTES SUR SLENDER ! - Lost in a Forest,SQUEEZIE,https://www.youtube.com/watch?v=fzSNmWP1uck,2044040,31504,5086,2014-01-26T18:18:43Z,PT5M25S
SI JE CASSAIS UN OBJET IMPORTANT ?! - Question Time 7,SQUEEZIE,https://www.youtube.com/watch?v=nXh2C9lBl6o,10565673,137482,17437,2014-01-24T18:51:34Z,PT3M37S
EN POSITION FŒTALE DANS UN CASIER ! (Best of Outlast),SQUEEZIE,https://www.youtube.com/watch?v=Daz09X_Ge-k,3022943,52716,3611,2014-01-22T17:29:31Z,PT9M51S
LA GUERRE DES LAPINS ! - Overgrowth,SQUEEZIE,https://www.youtube.com/watch?v=uNEwN5NkVqE,4360234,64028,2969,2014-01-19T18:59:52Z,PT7M15S
SE TOUCHER LES TÉTONS AVEC MILEY CYRUS ! - Happy Wheels 2,SQUEEZIE,https://www.youtube.com/watch?v=wmMJo1OIIAA,8090374,91853,3371,2014-01-17T17:34:47Z,PT6M42S
MONSIEUR LE PRÉSIDENT ! (Mr President),SQUEEZIE,https://www.youtube.com/watch?v=Wl1yI75tp9I,5715794,90175,3690,2014-01-15T16:54:15Z,PT5M40S
L'HOMME À LA FORCE TITANESQUE ! - Haunted Hell,SQUEEZIE,https://www.youtube.com/watch?v=k1-jRzrqlFI,2265127,34786,1703,2014-01-12T17:25:07Z,PT5M21S
SQUEEZIE VERSION FILLE ?! - Question Time 6,SQUEEZIE,https://www.youtube.com/watch?v=CxL0wg4XRy0,8650101,116239,23786,2014-01-10T17:16:45Z,PT3M20S
LA MALÉDICTION DU SABRE ! - Happy Wheels,SQUEEZIE,https://www.youtube.com/watch?v=kU0ch9dezWA,4947089,71994,4318,2014-01-08T17:37:49Z,PT7M38S
FAIRE DU RODÉO SUR GOLLUM ! - A Mothers Inferno,SQUEEZIE,https://www.youtube.com/watch?v=kHpvByoOXHo,2939532,38781,2321,2014-01-05T17:56:01Z,PT6M17S
JE LES AI TOUS TUÉ ! - Calm Time,SQUEEZIE,https://www.youtube.com/watch?v=BBUKDTxKKGk,3369694,43491,2719,2014-01-03T17:31:32Z,PT7M34S
L'ÉCOLE DE L'HORREUR ! (TERRIFIANTE) - Within Deep Sorrows,SQUEEZIE,https://www.youtube.com/watch?v=IZny565TktI,3334951,48156,5297,2014-01-01T18:29:31Z,PT7M43S
LE PLUS MAUVAIS WORMS JAMAIS VU ! - Worms Reloaded,SQUEEZIE,https://www.youtube.com/watch?v=H_fKew6mZLo,4882830,54469,2269,2013-12-29T16:30:50Z,PT8M23S
THIS IS SQUEEZIRTA ! (VIOLENCE EXTRÊME) - Chivalry: Medieval Warfare,SQUEEZIE,https://www.youtube.com/watch?v=oH4qVtR4gEs,3295337,43490,2633,2013-12-27T17:46:12Z,PT7M29S
LE SWEAT POSSÉDÉ ;_; - Vapour,SQUEEZIE,https://www.youtube.com/watch?v=zkxEWdKGD_8,1316336,22089,1461,2013-12-25T16:33:20Z,PT6M35S
LA MEILLEURE CACHETTE POSSIBLE ! - Prop Hunt (Garry's Mod),SQUEEZIE,https://www.youtube.com/watch?v=6ifMGqQLtxc,13901190,152619,7175,2013-12-22T17:18:01Z,PT9M32S
12 TRUCS CHIANTS DANS LE MÉTRO/RER,SQUEEZIE,https://www.youtube.com/watch?v=Vxx4otJAHoA,10499216,143746,5461,2013-12-20T16:30:54Z,PT2M57S
IL ME MANQUE UN TÉTON ! - Question Time 5,SQUEEZIE,https://www.youtube.com/watch?v=RmW7QhvI4dM,11221852,135739,12109,2013-12-17T17:10:19Z,PT3M23S
L'HOMME AU CALEÇON SUR LA TÊTE - Lumber Island,SQUEEZIE,https://www.youtube.com/watch?v=-1fuPPMfriw,1939703,39348,2600,2013-12-15T17:11:45Z,PT8M47S
COMMENT SE FAIRE EXPLOSER PAR RAMBO - Wrestling Revolution,SQUEEZIE,https://www.youtube.com/watch?v=qaoDaLoXlC4,2267545,34033,1465,2013-12-13T16:22:21Z,PT5M54S
PARTY ROCK HARDCORE \m/ - HitOthers,SQUEEZIE,https://www.youtube.com/watch?v=vwJ3xnGaNeo,1039657,28703,1018,2013-12-11T17:05:43Z,PT5M44S
SEUL À JAMAIS :'( - Murder (Garry's Mod),SQUEEZIE,https://www.youtube.com/watch?v=2ybpSbpyrwA,7226203,160834,11946,2013-12-09T16:30:01Z,PT11M40S
Bienvenue sur ma chaîne !,SQUEEZIE,https://www.youtube.com/watch?v=Fnjcs87481I,1032921,28278,1231,2013-12-08T16:27:55Z,PT35S
LES 3 PIRES GOSSES DE LA PLANÈTE ! - Don't make me turn this car around,SQUEEZIE,https://www.youtube.com/watch?v=KuQWrNBnLtQ,5922617,67148,3083,2013-12-04T16:14:56Z,PT6M10S
VICTIMISÉ EN PRISON ;_; - Hard Time,SQUEEZIE,https://www.youtube.com/watch?v=tPjiPuSlHL8,7213030,71429,3026,2013-12-01T17:05:59Z,PT7M11S
L'HORREUR PIXELISÉE ! - Light and Shadows,SQUEEZIE,https://www.youtube.com/watch?v=nC0c9Hv-Pd4,1883549,29133,2279,2013-11-29T17:31:52Z,PT6M36S
J'AI FAIT UN PACTE AVEC UN DÉMON ! - Pact with a Demon,SQUEEZIE,https://www.youtube.com/watch?v=tqmRP2fdylA,2683034,37649,2502,2013-11-27T15:56:54Z,PT6M53S
SQUEEZIE - XBOX ONE & PS4,SQUEEZIE,https://www.youtube.com/watch?v=cUAtMGtUie8,11755896,232888,31008,2013-11-24T17:15:52Z,PT3M58S
FOUTUS SCIENTIFIQUES ! - DeadLab,SQUEEZIE,https://www.youtube.com/watch?v=KsEMx2hR7NY,2434412,34173,1677,2013-11-22T17:47:10Z,PT5M28S
LE PIRE VOLEUR DE TOUS LES TEMPS - The Very Organized Thief,SQUEEZIE,https://www.youtube.com/watch?v=simTvKaAGBI,4562296,58451,3941,2013-11-19T17:40:14Z,PT7M56S
LE MYSTÈRE DE LA 3DS - Question Time 4,SQUEEZIE,https://www.youtube.com/watch?v=0JKZIYxK7hg,7120612,94495,6927,2013-11-17T16:37:14Z,PT4M2S
COMPILATION DE JEUX (VRAIMENT) POURRIS,SQUEEZIE,https://www.youtube.com/watch?v=cX6Cn8Y_ixk,5985705,66650,2493,2013-11-15T18:29:50Z,PT5M40S
ILS ONT TUÉ MON BÉBÉ :'( - Forgotten,SQUEEZIE,https://www.youtube.com/watch?v=FxeEuHDBOBI,2087346,31779,2453,2013-11-12T16:55:46Z,PT6M3S
VOUS NE SAVEZ PAS LA VÉRITÉ - Ampu-Tea,SQUEEZIE,https://www.youtube.com/watch?v=3-BUYjf_QRY,2684634,34982,1463,2013-11-10T17:43:49Z,PT7M7S
1 MILLION D'ABONNÉS,SQUEEZIE,https://www.youtube.com/watch?v=EzlqmQLzH5M,4289150,121400,8011,2013-11-08T16:40:14Z,PT11M28S
APPROUVÉ PAR LES AUTRUCHES ! - Ostrish Island,SQUEEZIE,https://www.youtube.com/watch?v=4_ruxka5n58,1719568,30303,2389,2013-11-06T16:30:01Z,PT9M38S
FIN DE LA PGW 2013 : MERCI À VOUS ! (Bonus),SQUEEZIE,https://www.youtube.com/watch?v=Vi29HMyM9ow,789145,21441,1365,2013-11-04T17:08:07Z,PT1M14S
ILS VISITENT UNE MAISON ÉTRANGE... (Bonus Halloween),SQUEEZIE,https://www.youtube.com/watch?v=XbNsjDSLTxc,903284,31235,3232,2013-10-31T19:12:36Z,PT2M9S
SQUEEZIE - MES TRUCS DÉBILES,SQUEEZIE,https://www.youtube.com/watch?v=68IXxs-sZEE,11185032,152620,10585,2013-10-29T14:59:17Z,PT3M48S
15M SEUL DANS LES BOIS :'( - The Screecher,SQUEEZIE,https://www.youtube.com/watch?v=_n7uRpU3BKA,1566407,34371,5531,2013-10-27T16:46:06Z,PT15M33S
LA FÊTE LA PLUS BIZARRE DU MONDE - The interesting tale of mister Duckfish,SQUEEZIE,https://www.youtube.com/watch?v=FsOKWdbbBxM,2190351,33737,3331,2013-10-25T15:37:18Z,PT5M41S
LE PLUS GROS ADDICT DE LA TÉLÉ ! - Bwak,SQUEEZIE,https://www.youtube.com/watch?v=DFBw7A93etM,2389043,35021,2344,2013-10-22T16:17:47Z,PT4M14S
SQUEEZIE PETIT ?! - Question Time 3,SQUEEZIE,https://www.youtube.com/watch?v=Mh7O2WjtJJ4,7030642,107541,14656,2013-10-18T15:30:01Z,PT3M44S
CETTE HORRIIIBLE ARAIGNÉE ! ;_; - Parasite,SQUEEZIE,https://www.youtube.com/watch?v=FjHtxtOpJrI,1574933,28993,2685,2013-10-15T15:25:43Z,PT5M24S
JE VOUS OPÈRE ? NE CRAIGNEZ RIEN ! - Surgeon Simulator (space),SQUEEZIE,https://www.youtube.com/watch?v=8hFdoLubCmI,5474218,58006,3168,2013-10-12T15:15:10Z,PT6M20S
LA FILLE LA PLUS BIZARRE DU MONDE ! - DreadOut,SQUEEZIE,https://www.youtube.com/watch?v=Id9K_pQzz4g,1674256,27206,2969,2013-10-09T15:31:43Z,PT9M16S
IMPOSSIBRUUU ! - Le jeu le plus dur du monde 2,SQUEEZIE,https://www.youtube.com/watch?v=uLT3kXG402A,5174989,53514,3476,2013-10-07T15:31:00Z,PT7M
LE JEU D'HORREUR LE PLUS NUL ! - Jeff The Killer,SQUEEZIE,https://www.youtube.com/watch?v=Cj7OEiQgPW0,2421378,39421,3810,2013-10-05T15:34:52Z,PT6M4S
QUAND ON S'EMMERDE AUX TOILETTES ._. - Toilet Simulator - WTFF.,SQUEEZIE,https://www.youtube.com/watch?v=bKFTM9tlEtI,4475751,85148,9350,2013-10-01T15:46:39Z,PT5M49S
FOUTU CLOWN PERVERS ! - Bewilder House,SQUEEZIE,https://www.youtube.com/watch?v=KuYM1zdPw_I,5216643,62131,4856,2013-09-28T16:35:22Z,PT5M21S
LA TAILLE DE MON PÉNIS ?! - Question Time 2,SQUEEZIE,https://www.youtube.com/watch?v=CcRaARPESWU,7459672,93500,5509,2013-09-26T15:55:37Z,PT3M4S
LE JEU QUI T'EXPLOSE LA TÊTE ! - Hexagon,SQUEEZIE,https://www.youtube.com/watch?v=M1aOy1r2phY,1852357,28961,4039,2013-09-20T15:32:07Z,PT6M52S
COMMENT AVOIR DES ABONNÉS ? - Question Time 1,SQUEEZIE,https://www.youtube.com/watch?v=mfVGbfIcJzw,5859220,120839,10262,2013-09-18T15:28:22Z,PT5M11S
JE DÉTESTE LES ENFANTS ! ;_; - Amnesia a Machine for Pigs (1),SQUEEZIE,https://www.youtube.com/watch?v=h7JGmE_OcjI,2167938,28430,3144,2013-09-17T16:17:49Z,PT18M56S
"UN MOMENT DÉBILE AVEC SQUEEZIE #5 - TRUCS DE BG, TRUCS CHIANTS & BIGGEST TROLL EVER !",SQUEEZIE,https://www.youtube.com/watch?v=ARyMitSRGBU,5072684,77349,3996,2013-09-13T16:10:36Z,PT6M30S
ÉPIC KUNG-FOOT ! - On affronte le créateur de Rayman et de la BO du jeu ! :D,SQUEEZIE,https://www.youtube.com/watch?v=zw4ggeKWNRM,1220548,26114,1317,2013-09-12T16:46:34Z,PT9M25S
OÙ SONT MES OS ?! - Ragdoll Olympics,SQUEEZIE,https://www.youtube.com/watch?v=98b5dsug5hs,2688196,37705,2626,2013-09-10T16:02:39Z,PT6M27S
16 MINUTES EN ASILE (horrible) ;_; - Blackwell Asylum,SQUEEZIE,https://www.youtube.com/watch?v=hIxlLS1HX_o,2404103,38952,4813,2013-09-07T18:22:25Z,PT16M24S
PAS LE TEMPS DE VOUS EXPLIQUER ! (No time to Explain),SQUEEZIE,https://www.youtube.com/watch?v=RtxB7N073p4,2300430,38718,2266,2013-09-05T16:53:58Z,PT5M30S
MR POULPE FRÔLE LA MORT ! :'( - Part 2,SQUEEZIE,https://www.youtube.com/watch?v=IvOdxIGHnSM,1532657,19718,1201,2013-09-02T16:09:46Z,PT6M1S
J'AI BESOIN D'UN PSYCHIATRE - Syobon Action 3,SQUEEZIE,https://www.youtube.com/watch?v=UkH5Sev_LJw,3478143,40990,3105,2013-08-30T15:00:17Z,PT6M21S
L'HANDICAP POULPE :C - Part 1,SQUEEZIE,https://www.youtube.com/watch?v=V_oLGu70T6A,2706037,33737,2782,2013-08-27T15:01:20Z,PT8M7S
ASSASSINÉ PAR UN LAPIN ! ;_;,SQUEEZIE,https://www.youtube.com/watch?v=p5ShtJa4dWA,1254869,24110,2150,2013-08-25T16:46:41Z,PT4M23S
LIVRAISON DE PIZZA AFFREUSE ! (Pizza Delivery 2),SQUEEZIE,https://www.youtube.com/watch?v=LueOIAxQhBQ,2135559,31801,3878,2013-08-20T15:00:31Z,PT8M44S
LA GUERRE DES PÉNIS ! (Space Phallus),SQUEEZIE,https://www.youtube.com/watch?v=9PxrO9mUEBk,1706885,28570,2906,2013-08-15T16:43:12Z,PT4M6S
LIVRAISON DE PIZZA ! (Pizza Delivery),SQUEEZIE,https://www.youtube.com/watch?v=EavsaGeTBCY,3697061,55723,4553,2013-08-13T15:16:17Z,PT8M24S
ATTENTION : TÊTE COUPÉE VOLANTE (horrible) - Eyes,SQUEEZIE,https://www.youtube.com/watch?v=e07BHroaRPk,3137231,51886,7597,2013-08-10T13:14:10Z,PT11M7S
"ADIEU, JE SUIS MORT. - UNFAIR MARIO 3 - SATANÉES FOUGÈRES",SQUEEZIE,https://www.youtube.com/watch?v=rTx1qwCLm0c,3146821,50148,5038,2013-08-06T15:13:13Z,PT10M20S
NOUS SOMMES DES AVENTURIERS ! - Kinect Adventures,SQUEEZIE,https://www.youtube.com/watch?v=VHvDArusYgA,1535922,24595,2624,2013-08-03T16:48:25Z,PT6M38S
MA PAGE FACEBOOK HACKÉE : ATTENTION !,SQUEEZIE,https://www.youtube.com/watch?v=2WvGsXZLjqk,943836,29381,3634,2013-08-01T11:57:23Z,PT4M27S
SQUEEZIE - TOP 5 DES PHRASES CHIANTES EN VACANCES,SQUEEZIE,https://www.youtube.com/watch?v=GWvOM02f7IQ,7518069,140758,8398,2013-07-30T14:59:12Z,PT5M21S
JE SUIS UN JEDI ! - Star Wars Kinect,SQUEEZIE,https://www.youtube.com/watch?v=VJy3mS1vc24,1820947,31148,1638,2013-07-26T08:30:12Z,PT3M45S
LE JEU DE VOITURE LE PLUS WTF - Crazi Taxi,SQUEEZIE,https://www.youtube.com/watch?v=dE4wsRVeyz0,2064485,30122,2185,2013-07-23T15:00:19Z,PT5M8S
JEU DE PÊCHE = MÉGA CHIANT - Sega Bass Fishing,SQUEEZIE,https://www.youtube.com/watch?v=1KHTs5rqmVw,1619070,28373,1807,2013-07-19T15:00:19Z,PT3M21S
LE PLUS GROS JEU DE PERVERS DU MONDE - Bikini Karate Babes 2,SQUEEZIE,https://www.youtube.com/watch?v=9HabSx3rziw,3275860,37815,2946,2013-07-16T15:00:24Z,PT13M29S
SQUEEZIE - LES VACANCES,SQUEEZIE,https://www.youtube.com/watch?v=SsssJs6SlsY,4545853,80113,4856,2013-07-12T14:30:21Z,PT4M8S
J'ME SUIS FAIT TROLLER ;_; - Death Can Await partie 2 & Troll Story,SQUEEZIE,https://www.youtube.com/watch?v=VlOhxV66wQE,1796699,22892,2335,2013-07-09T15:12:44Z,PT13M30S
MARIO VS PEACH - NOUS SOMMES DÉFORMÉS ! ;_;,SQUEEZIE,https://www.youtube.com/watch?v=WZsxFu4DWrc,2652636,31151,3203,2013-07-07T18:33:46Z,PT6M27S
"ATTAQUÉ PAR DES HOMMES NUS - Amnesia : Death Can Await, partie 1",SQUEEZIE,https://www.youtube.com/watch?v=T-ZueMmPVQ4,2691207,34987,5791,2013-07-04T15:49:13Z,PT21M48S
JE SUIS SANGOKU : IT'S OVER 9000 !!! - DBZ Kinect,SQUEEZIE,https://www.youtube.com/watch?v=CGySMiskcZo,2610089,33577,2542,2013-07-02T16:45:08Z,PT4M29S
"UN MOMENT DÉBILE #4 - MYSTÈRE DU PQ, PIPI SUR UN JEU, ENCEINTE PORTATIVE, BAC !",SQUEEZIE,https://www.youtube.com/watch?v=xA3eiav_5sY,3597033,53317,3983,2013-06-28T15:00:43Z,PT4M42S
"HELL'S HOUSE - POUPÉE MALÉFIQUE, HOMME BLEU & ACTRICE HORS-NORME",SQUEEZIE,https://www.youtube.com/watch?v=kNifz3pD9vs,1096230,20435,1791,2013-06-26T15:13:17Z,PT5M18S
"LIPS : CHANTONS ! - Barbie SqueeZie, Kanye Zi & MC Lucas !",SQUEEZIE,https://www.youtube.com/watch?v=oZvmVbk1scc,2335201,57813,6079,2013-06-24T16:48:32Z,PT1M48S
BALADE À DISNEYLAND - Le top pour se détendre des examens !,SQUEEZIE,https://www.youtube.com/watch?v=I9IHSeaSPC8,3664650,47040,3574,2013-06-19T15:56:35Z,PT5M36S
DEVIENS-JE FOU ?! - UNFAIR MARIO 2 - ON AURA SA PEAU !,SQUEEZIE,https://www.youtube.com/watch?v=YVLz9p7WEiM,1932417,36139,2674,2013-06-16T14:00:20Z,PT5M29S
DISNEY PARTY - DANSER LIKE A BOSS SUR DU DISNEY 8-),SQUEEZIE,https://www.youtube.com/watch?v=BzPdKfTXexo,1456601,23101,2907,2013-06-14T16:55:55Z,PT6M49S
500.000 ABONNÉS : UN GRAND MERCI !,SQUEEZIE,https://www.youtube.com/watch?v=w_2tzWxxXd4,822207,48384,6042,2013-06-06T15:30:39Z,PT9M3S
"UN MOMENT DÉBILE #3 - TRAVAIL, TOILETTES, PIANO, ANGES DU FPS",SQUEEZIE,https://www.youtube.com/watch?v=eRNdhbKB_X0,2712957,46996,2148,2013-05-31T16:54:11Z,PT5M21S
SQUEEZIE - SKYLANDERS,SQUEEZIE,https://www.youtube.com/watch?v=4WfFgr5i0zk,2009547,32635,2389,2013-05-28T15:22:59Z,PT3M58S
SHARK ATTACK ! - Le Call of Duty : Ghosts des habitants de l'océan !,SQUEEZIE,https://www.youtube.com/watch?v=JZX2k2EDB9Q,1869425,21359,1333,2013-05-22T15:51:11Z,PT6M56S
TOY STORY SUR MINECRAFT - On est des jouets avec Frigiel ! - Épisode 2,SQUEEZIE,https://www.youtube.com/watch?v=YxLYccD85Bk,2747131,33415,3558,2013-05-17T16:20:09Z,PT27M10S
"UN MOMENT DÉBILE #2 - PIPI, ÊTRE DJ, BOXE ET PARC D'ATTRACTION !",SQUEEZIE,https://www.youtube.com/watch?v=oso7pTNeGks,2271365,36741,2429,2013-05-15T15:50:27Z,PT4M53S
"DÉTENTE SUR METRO LAST LIGHT☻- Une nuke, des monstres, un métro - L'histoire du jeu & gameplay !",SQUEEZIE,https://www.youtube.com/watch?v=jQwGKqxm2xw,583020,13487,1067,2013-05-14T15:00:54Z,PT21M50S
TOY STORY SUR MINECRAFT - On est des jouets avec Frigiel ! - Épisode 1,SQUEEZIE,https://www.youtube.com/watch?v=Zx6417IBIog,5469122,60628,5282,2013-05-11T16:10:37Z,PT28M14S
ATTAQUÉS PAR LA COPINE DE SLENDER ;_; - Ce vieux rat - Slender is back ép 2,SQUEEZIE,https://www.youtube.com/watch?v=bpyKDH-PHL4,1499301,23662,3667,2013-05-09T15:09:46Z,PT11M58S
JE SUIS PSYCHOLOGIQUEMENT MORT - Cat Mario - Episode 2,SQUEEZIE,https://www.youtube.com/watch?v=ypl7L5Sb0vQ,2371043,32823,3410,2013-05-05T14:47:54Z,PT9M52S
Les défis de SqueeZie | Episode 1 : MOTO TARTE (périmées) | LE RETOUR !,SQUEEZIE,https://www.youtube.com/watch?v=EGJ8aSmn2nI,1098565,33763,2737,2013-05-03T15:00:39Z,PT7M17S
LE RETOUR DES DÉFIS DE SQUEEZIE - TRAILER,SQUEEZIE,https://www.youtube.com/watch?v=SN8PrJ_8LSw,207720,9774,1082,2013-05-01T17:34:20Z,PT1M6S
UN MOMENT DÉBILE AVEC SQUEEZIE #1,SQUEEZIE,https://www.youtube.com/watch?v=DYPGhPqpAxA,2295931,54368,9178,2013-04-29T15:14:50Z,PT5M41S
LE JEU QUI VOUS TUERA - Cat Mario ;_;,SQUEEZIE,https://www.youtube.com/watch?v=4psJoi0pMFA,2784490,38260,4999,2013-04-26T17:27:52Z,PT8M11S
UN CLAVIER EN MOINS UN ! - UNFAIR MARIO - Les gamers & le soleil !,SQUEEZIE,https://www.youtube.com/watch?v=H_qCaAP2nPQ,3195592,45594,4969,2013-04-23T15:11:20Z,PT7M6S
LES SUPER-HEROS DU FUTUR - On teste Injustice ! :D,SQUEEZIE,https://www.youtube.com/watch?v=vL6kOPKEDy4,3277590,39803,3417,2013-04-20T12:34:36Z,PT20M30S
LE JEU LE PLUS DUR AU MONDE - La rage à son extrême,SQUEEZIE,https://www.youtube.com/watch?v=1WQhFKT55sI,5529565,69066,7496,2013-04-17T15:22:24Z,PT9M3S
Sumotori Dreams Mods - 0mfG kom cé ÉPIC ! | On a joué dans des chiottes !,SQUEEZIE,https://www.youtube.com/watch?v=9c3izpvVIFM,3902203,49100,3854,2013-04-13T16:52:34Z,PT9M14S
SLENDER IS BACK - ON A ENFIN OWNED SLENDER OMFGGG !!!! - Episode 1,SQUEEZIE,https://www.youtube.com/watch?v=V2OScftR3zU,1785500,35426,2108,2013-04-11T20:05:25Z,PT25M6S
Tomb Raider - Lara is BACK | On s'la joue chimpanzé | Episode 8,SQUEEZIE,https://www.youtube.com/watch?v=W905eVUrc3Y,817223,15887,3613,2013-04-09T15:11:48Z,PT33M41S
MINECRAFT'LAND : Le parc d'attraction le plus fun AU MONDE ! - Partie 2,SQUEEZIE,https://www.youtube.com/watch?v=Rc5pXIVd4t0,3129768,63479,4374,2013-04-07T14:10:35Z,PT17M29S
MINECRAFT'LAND : Le parc d'attraction le plus fun AU MONDE ! - Partie 1,SQUEEZIE,https://www.youtube.com/watch?v=mQE7zg7mqDI,6420110,80656,5431,2013-04-05T15:34:44Z,PT16M51S
Le FPS le MIEUX noté de l'année : Bioshock Infinite ! (Settings Ultra) (Détente),SQUEEZIE,https://www.youtube.com/watch?v=93pq9lRFH5c,1110099,14836,1653,2013-04-03T17:06:37Z,PT22M8S
J'ARRÊTE YOUTUBE,SQUEEZIE,https://www.youtube.com/watch?v=w2-4Q_FKuGI,5107242,71253,4629,2013-04-01T14:49:47Z,PT1M44S
MA CONFIG ! [Résultats concours dans la description],SQUEEZIE,https://www.youtube.com/watch?v=rLZI_IuoV3E,828763,26898,3358,2013-03-29T16:23:20Z,PT9M52S
Tomb Raider - C'EST LA GUERRE ! | Lara je t'appelle Zeus | Episode 7,SQUEEZIE,https://www.youtube.com/watch?v=B7riunvH53o,722158,13514,2102,2013-03-27T16:18:11Z,PT41M38S
KAMIKAZE - Comment se taper des barres sur BF3 ?,SQUEEZIE,https://www.youtube.com/watch?v=TcwMGJvaf0o,1295492,20877,1719,2013-03-27T12:09:41Z,PT17M20S
"Trials PC - Les studios, le jeu, et interview ! | Episode 2",SQUEEZIE,https://www.youtube.com/watch?v=y91K5hhvjBA,428973,12932,799,2013-03-22T16:01:49Z,PT7M16S
RESULTATS CONCOURS ET... SURPRISE !,SQUEEZIE,https://www.youtube.com/watch?v=SE62VvFC60c,551639,11944,700,2013-03-20T19:02:10Z,PT3M7S
Tomb Raider - Sauvons nos amis | L'épisode en Facecom ! | Episode 6,SQUEEZIE,https://www.youtube.com/watch?v=cU2fKP5_sac,670020,11628,1200,2013-03-20T17:11:29Z,PT32M20S
La musique rend FOU :') - La classe HUSS sur Black Ops 2 - Parlons de tout et de rien !,SQUEEZIE,https://www.youtube.com/watch?v=EhGB4uccq_g,1998608,31866,3305,2013-03-19T15:54:20Z,PT14M14S
Tomb Raider - A la rescousse de naufragés | CE SONT DES GARDIENS MOCHES QUI PUENT ;_; | Episode 5,SQUEEZIE,https://www.youtube.com/watch?v=Gdm4vrDj4f8,791285,10838,1026,2013-03-14T17:08:02Z,PT40M58S
Tomb Raider - On est pas au bout de nos surprises ! | ATTAQUÉE PAR DES YÉTIS ;_; | Episode 4,SQUEEZIE,https://www.youtube.com/watch?v=SVujcrAXYGs,853505,12155,1365,2013-03-14T15:00:50Z,PT33M53S
Trials PC - Mon départ pour la finlande ! | Episode 1,SQUEEZIE,https://www.youtube.com/watch?v=Bb2-ZnBnOFs,1107551,22577,2036,2013-03-13T15:49:18Z,PT6M22S
Gagne ta console et le nouveau boîtier Avermedia ! - Concours 300.000 abonnés !,SQUEEZIE,https://www.youtube.com/watch?v=ZQ3FJMf5TUA,153079,10359,3598,2013-03-10T16:10:52Z,PT3M51S
"Tomb Raider - SOS ! | Lara Croft est un soldat, c'est SÛR ! | Episode 3",SQUEEZIE,https://www.youtube.com/watch?v=EBIZkK091uk,863151,13592,1577,2013-03-09T15:32:39Z,PT40M43S
WORLD BIGGEST WAZA EVER ! (Wassup) - Spécial 300.000 !,SQUEEZIE,https://www.youtube.com/watch?v=wT45zt8mjGU,846200,25265,2466,2013-03-07T16:12:03Z,PT4M44S
"Tomb Raider - Une embuscade pimentée ! | Cette fois, nous sommes presque seul... | Episode 2",SQUEEZIE,https://www.youtube.com/watch?v=ug2W6LpIbfw,1174658,23070,2585,2013-03-06T15:20:49Z,PT49M3S
Tomb Raider - Le début d'une incroyable aventure ! | A la recherche de nos alliés | Episode 1,SQUEEZIE,https://www.youtube.com/watch?v=uz07Ndv0CyM,2249506,34819,3769,2013-03-05T18:02:48Z,PT33M10S
LA GUITARE - LES LOLZ ! (Bêtisier),SQUEEZIE,https://www.youtube.com/watch?v=rygY7w9uU4w,203030,5899,335,2013-03-05T16:31:20Z,PT4M51S
Tomb Raider 2013 : L'aventure commence demain !,SQUEEZIE,https://www.youtube.com/watch?v=R8nMcN_TdPs,110554,4014,589,2013-03-04T15:43:13Z,PT1M25S
300.000 ABONNÉS WAZAAAAAAAAAA,SQUEEZIE,https://www.youtube.com/watch?v=a6geDWRNW9U,5941352,192306,19485,2013-03-02T20:51:35Z,PT2M30S
SQUEEZIE - LA GUITARE,SQUEEZIE,https://www.youtube.com/watch?v=_HxuSP3BJzk,1932727,37940,3140,2013-03-01T19:19:01Z,PT5M54S
ENORME FRAYEUR SUR DEAD SPACE 3 OMFG - 3ème vidéo dé.. Stressante !,SQUEEZIE,https://www.youtube.com/watch?v=iuaKv_beQko,423395,6185,844,2013-02-23T18:34:17Z,PT15M42S
Tekken - Combat en équipe avec UNE GEEK de Tekken ! - Le cri le plus strident du monde ;_;,SQUEEZIE,https://www.youtube.com/watch?v=N4-RH6xZnC8,1205506,12519,1164,2013-02-23T15:32:21Z,PT25M47S
Naruto [UNSG] - L'histoire de KAKASHLU :D ! - 1ère vidéo détente,SQUEEZIE,https://www.youtube.com/watch?v=WU8VsAr5Hko,2138969,41953,5062,2013-02-23T14:01:04Z,PT19M5S
LE SAMEDI DÉTENTE ! :),SQUEEZIE,https://www.youtube.com/watch?v=DgnELGX-q6g,208301,8458,400,2013-02-23T14:00:09Z,PT1M49S
ILLUSION - LE HOBBIT PERVERS ! T.T,SQUEEZIE,https://www.youtube.com/watch?v=xzEPq9oOsNs,863651,13532,1893,2013-02-22T19:38:26Z,PT6M23S
ONE DIRECTION & JUSTIN BIEBER ;_; - Just Dance 4 en mode hater !,SQUEEZIE,https://www.youtube.com/watch?v=i1BB19Mx9_U,730191,15825,3839,2013-02-20T16:19:49Z,PT10M10S
BÊTISIER DU HARLEM SHAKE ! :'),SQUEEZIE,https://www.youtube.com/watch?v=EqOOQvkdC1Y,1367827,26651,2126,2013-02-18T19:50:51Z,PT5M45S
LA CLASSE PUPUTE ! - En mode perruque rose sur Black Ops 2,SQUEEZIE,https://www.youtube.com/watch?v=RfmpQl9KCn8,2339650,31475,3210,2013-02-16T18:17:59Z,PT15M10S
SLENDER ARRIVAL (Beta) - Le nouveau Slender ultra beau !,SQUEEZIE,https://www.youtube.com/watch?v=HIPJWh5Nefs,659573,12144,1851,2013-02-16T11:32:13Z,PT17M50S
SQUEEZIE - PLOUF (parodie Splash),SQUEEZIE,https://www.youtube.com/watch?v=D4MOYB5gEwo,3591439,57371,3426,2013-02-14T19:32:44Z,PT2M54S
Harlem Shake (Original WTF Version),SQUEEZIE,https://www.youtube.com/watch?v=sOnVIG43CnQ,1198225,25475,3048,2013-02-13T16:00:05Z,PT31S
"Halo 4 - Hommage à Game, Plouf, et fatigue à 278%",SQUEEZIE,https://www.youtube.com/watch?v=VZymbxzTs5M,289818,6653,684,2013-02-12T16:01:48Z,PT6M14S
Black Ops 2 en mode pacificateur ! - Une partie dans la peau de SqueeZie & FeZzo,SQUEEZIE,https://www.youtube.com/watch?v=Re0nUG6byig,254910,7940,569,2013-02-08T18:05:58Z,PT3M49S
LES JEUNES/VIEUX ET LES PORTABLES - ANECDOTE INUTILE DU JOUR #1,SQUEEZIE,https://www.youtube.com/watch?v=q_MmHMvwcAg,1114109,24505,1757,2013-02-05T18:14:54Z,PT3M2S
"COMBAT ÉROTIQUE au milieu de poissons ! - TEKKEN, faire rager son FRÈRE !",SQUEEZIE,https://www.youtube.com/watch?v=Iu-L2EGT6vU,735210,12184,807,2013-02-03T15:56:16Z,PT4M8S
SQUEEZIE - TOMORROWLAND 2013 DREAM,SQUEEZIE,https://www.youtube.com/watch?v=Zt8P6B_Uvlc,940783,20132,4162,2013-01-30T16:01:37Z,PT4M29S
L'homme le plus nul du monde au sniper - Première vidéo sur le multi de Black Ops 2 !,SQUEEZIE,https://www.youtube.com/watch?v=TMAFDY1lNI4,1341883,14825,3012,2013-01-28T18:44:29Z,PT10M12S
On a touché le fond... WTF x 169² ! - Techno Kitten Adventure,SQUEEZIE,https://www.youtube.com/watch?v=eXTpgCUhBlk,995254,15106,1514,2013-01-26T19:33:49Z,PT3M29S
"Le jeu le plus XptDrMdrLol ever ! - Ricochet : En fait, il est ultra fun !",SQUEEZIE,https://www.youtube.com/watch?v=RBCq36M23rc,1022592,12949,1101,2013-01-20T16:27:31Z,PT5M36S
"Devil May Cry, LE test - Mon premier coup de coeur 2013 ! -",SQUEEZIE,https://www.youtube.com/watch?v=iCc8H02JSes,923889,12110,1739,2013-01-18T16:59:42Z,PT31M51S
La simulation la plus épique de tous les temps - SqueeZie en mode CAISSIER !,SQUEEZIE,https://www.youtube.com/watch?v=brmiwnRkOv8,1873474,25288,1815,2013-01-14T18:20:49Z,PT4M28S
Le jeu le plus MARRANT et WTF de la galaxie - SUMOTORI ! + Lien de téléchargement,SQUEEZIE,https://www.youtube.com/watch?v=ZiOchnyl8YM,1640923,24185,2838,2013-01-10T17:30:26Z,PT5M11S
LE VIRUS LICORNE - Robot unicorn attack - Un jeu WTF,SQUEEZIE,https://www.youtube.com/watch?v=9xP8x-2j5j0,2391913,27572,2781,2013-01-08T19:34:38Z,PT6M59S
Slender Multiplayer (Survivers) - Grosse frayeur avec la LaZy ! DOWNLOAD LINK,SQUEEZIE,https://www.youtube.com/watch?v=EQ_SnNh3YUs,1113939,19052,1951,2013-01-03T17:30:23Z,PT14M14S
Survivers Beta 3.0  Tutorial - Comment jouer à plusieurs ?,SQUEEZIE,https://www.youtube.com/watch?v=h3FfS3cpGCs,150492,2483,405,2013-01-03T17:30:23Z,PT4M13S
SQUEEZIE - NOËL,SQUEEZIE,https://www.youtube.com/watch?v=IL5Z4CCKxeI,4160561,85625,3240,2012-12-26T16:01:57Z,PT2M47S
Japan Expo 2012 [Réupload],SQUEEZIE,https://www.youtube.com/watch?v=mxuk-u8Cjuc,112558,5032,242,2012-12-19T15:55:20Z,PT3M28S
"Paris Games Week 2012 - Gangnam Style avec abonnés, fou rire et autres !",SQUEEZIE,https://www.youtube.com/watch?v=eJyOjvJjC1M,171546,5609,315,2012-12-19T15:55:17Z,PT2M49S
"Far Cry 3 - Chasse au lance flamme, attaque de base FAIL, forêt en feu, bref Far Cry !",SQUEEZIE,https://www.youtube.com/watch?v=BDQdMSZqNAQ,944954,12435,1468,2012-12-12T17:22:30Z,PT25M15S
5000 cartes SqueeZie à gagner ! (mini podcast),SQUEEZIE,https://www.youtube.com/watch?v=c5WFvyTclf4,242134,6935,1151,2012-12-07T17:00:57Z,PT3M16S
Gangnam Style en COUPLE sur Just Dance 4 - Fufu et sa Mme contre SqueeZie et sa Mme !,SQUEEZIE,https://www.youtube.com/watch?v=_u2IKM9aU3M,2009505,28528,3378,2012-12-01T16:31:04Z,PT8M39S
"ZombiU sur Wii U - Gameplay, Gamepad, mes impressions ! Part 1",SQUEEZIE,https://www.youtube.com/watch?v=t8YihX0aH-E,916502,12361,1108,2012-11-29T19:51:22Z,PT18M52S
"ZombiU sur Wii U - Gameplay, Gamepad, mes impressions ! Part 2",SQUEEZIE,https://www.youtube.com/watch?v=ArWpGCCd7fs,299647,5078,475,2012-11-29T17:01:14Z,PT19M33S
SQUEEZIE - Le NOOBISME de Black Ops 2,SQUEEZIE,https://www.youtube.com/watch?v=ohdnwFOByX0,1659300,61420,2739,2012-11-28T15:55:14Z,PT3M19S
GANGNAM STYLE SUR JUST DANCE 4 - SqueeZie et DarkFuneral97two lancent un défi !,SQUEEZIE,https://www.youtube.com/watch?v=UC4VwAGXF2s,441987,10405,916,2012-11-25T17:38:20Z,PT3M54S
Un Zombie en mode Mike Tyson avec mon frère | MA MÈRE S'INCRUSTE !,SQUEEZIE,https://www.youtube.com/watch?v=eR6LuGlyyZY,1717320,22115,2497,2012-11-22T17:52:14Z,PT45M21S
RÉSULTATS DU GRAND CONCOURS !,SQUEEZIE,https://www.youtube.com/watch?v=Ov1gLkOBVEk,120216,8779,720,2012-11-19T18:58:52Z,PT3M42S
SQUEEZIE BEST OF HORROR !,SQUEEZIE,https://www.youtube.com/watch?v=Es50akbhXU0,983458,16909,1171,2012-11-17T16:40:33Z,PT4M4S
JUST DANCE 4 en BATTLE YEAAAH | GREENGUY (NU) VS MR. MOMILOL | Tiens j'te fouette !,SQUEEZIE,https://www.youtube.com/watch?v=t10vJ_vLxb8,411988,7293,991,2012-11-15T18:08:49Z,PT8M18S
INFILTRATION DE EZIO CHEZ UBISOFT - Farcry 3 Multiplayer gameplay en live !,SQUEEZIE,https://www.youtube.com/watch?v=iIxQxdo-K9A,839631,14518,1344,2012-11-10T15:34:42Z,PT14M39S
Rencontre abonnés à la PGW - GANGNAM STYLE !,SQUEEZIE,https://www.youtube.com/watch?v=WrOW4ZIMM84,396959,12157,1038,2012-11-04T17:32:14Z,PT3M52S
"Slender Prison, avec... UNE FILLE ! (ANEPASFAIRE) - C'EST QUOI CES SCREAMERS ?!?!",SQUEEZIE,https://www.youtube.com/watch?v=7dj898So5lM,2617015,37609,4713,2012-10-31T18:15:39Z,PT12M15S
SqueeSpard et Quentinzard sur Just Dance 4 | QUAND SQUEESPARD VEUT SÉDUIRE !,SQUEEZIE,https://www.youtube.com/watch?v=XYvIELS_G0k,420354,11635,1452,2012-10-27T15:23:41Z,PT6M4S
SqueeZie sera présent à la Paris Games Week le Jeudi et Samedi !,SQUEEZIE,https://www.youtube.com/watch?v=Ig2GaDL0bmk,91590,3473,360,2012-10-26T18:13:16Z,PT3M23S
Interview IRL par Amin Original - 200.000 abonnés DA FUCK ! Cette aventure est incroyable.,SQUEEZIE,https://www.youtube.com/watch?v=d5fCkqGVzCI,133235,6822,876,2012-10-23T17:49:12Z,PT22M45S
Need for Speed : Most Wanted - Gameplay Multijoueur & Solo - Test détaillé !,SQUEEZIE,https://www.youtube.com/watch?v=eIujcaHh7Zs,362381,8692,1099,2012-10-19T16:01:46Z,PT16M33S
SqueeZie sur... JUST DANCE 4 ! | MAIS... ON DIRAIT MOI !,SQUEEZIE,https://www.youtube.com/watch?v=nW0pCbOBdbc,1712696,33474,4494,2012-10-12T18:06:22Z,PT8M17S
SLENDER MANSION - OH-MY-GOSHHH - TECHNIQUE DE LA POSITION FŒTALE !,SQUEEZIE,https://www.youtube.com/watch?v=FKgPaWthvus,705192,16153,2189,2012-10-07T17:57:17Z,PT8M16S
Du gros HUSS bordélique sur Borderlands avec Cruxy !,SQUEEZIE,https://www.youtube.com/watch?v=VWpjEK1erCs,233757,4754,363,2012-10-05T17:42:16Z,PT17M1S
Medal of Honor : Warfighter - Partie en multijoueur | Mon avis sur le jeu !,SQUEEZIE,https://www.youtube.com/watch?v=Al80opG8tPs,200333,5118,569,2012-09-29T16:21:08Z,PT14M1S
Notre journée à EA | Une journée incroyable !,SQUEEZIE,https://www.youtube.com/watch?v=LB8HTSVmZ_4,347723,12292,2247,2012-09-29T15:44:47Z,PT5M28S
NOUVEAU CONCOURS ! - [RÉSULTATS VENDREDI SOIR],SQUEEZIE,https://www.youtube.com/watch?v=U54LcTK5HEM,212662,27724,21342,2012-09-25T17:14:51Z,PT3M55S
SQUEEZIE - LE JEU LE PLUS NUL DU MONDE,SQUEEZIE,https://www.youtube.com/watch?v=jSknOqbncwU,6013208,117208,5137,2012-09-22T15:03:39Z,PT3M53S
Découverte : Borderlands 2 | Un jeu splendide !,SQUEEZIE,https://www.youtube.com/watch?v=q4UMgeiOt8s,1211103,13990,2328,2012-09-20T15:12:50Z,PT21M55S
PSY - GANGNAM STYLE - FRENCH VERSION by TheGreenGuys,SQUEEZIE,https://www.youtube.com/watch?v=uqzkigDrEsQ,1478362,34041,5076,2012-09-15T17:22:01Z,PT2M52S
Battlefield 3 Armored Kill | Découverte en compagnie de MrBboy45 | EPIC ROCKET ! [PC] [HD],SQUEEZIE,https://www.youtube.com/watch?v=mqZtsgzzJiE,226556,5379,519,2012-09-14T16:00:27Z,PT27M19S
Slender Elementary | SLENDER IS MINE ! Episode 3,SQUEEZIE,https://www.youtube.com/watch?v=DGqW0Zywek8,398523,6916,728,2012-09-12T15:14:14Z,PT5M58S
Slender Sanatorium | SLENDER IS MINE ! Episode 2,SQUEEZIE,https://www.youtube.com/watch?v=FBh_BNv232Q,514846,10816,1152,2012-09-08T17:08:43Z,PT9M32S
Slender Hospice | SLENDER IS MINE ! Episode 1,SQUEEZIE,https://www.youtube.com/watch?v=4t6jaB8NYAE,472754,8416,921,2012-09-05T18:46:11Z,PT5M50S
1- Splinter Cell Conviction avec MON frère ! Le bourrin et l'espion.,SQUEEZIE,https://www.youtube.com/watch?v=zXZ5S4JRxT8,591203,9092,811,2012-09-05T18:45:40Z,PT33M14S
Top 15 des jeux les plus attendus de l'année | Ma 200ème vidéo,SQUEEZIE,https://www.youtube.com/watch?v=zmZ93DafLZQ,1041042,23223,3244,2012-09-03T17:27:33Z,PT9M13S
"Ma colo, de retour, et un gros projet ! ""TEELLEMENT JE T'AIIME""",SQUEEZIE,https://www.youtube.com/watch?v=SH3zRdx4LAE,248358,9608,816,2012-08-31T16:23:42Z,PT2M54S
Trials Evolution | Du délire en masse avec 3 membres de la LaZy !,SQUEEZIE,https://www.youtube.com/watch?v=ihIfcWkYiQM,997916,10994,937,2012-08-21T15:35:31Z,PT20M6S
Max Payne 3 | Un bras HUSSEMENT bizarre ! | Let's Play: Episode 6 partie 1,SQUEEZIE,https://www.youtube.com/watch?v=OJXe8jqM-90,63384,1249,205,2012-08-17T14:19:37Z,PT19M49S
Max Payne 3 | Un bras HUSSEMENT bizarre ! | Let's Play: Episode 6 partie 2,SQUEEZIE,https://www.youtube.com/watch?v=IbnG_7hm1KE,51973,1173,136,2012-08-17T14:03:32Z,PT20M11S
Slender | CA SUFFIT MONSIEUR SLENDER ! Ce jeu est ignoble | Episode 6,SQUEEZIE,https://www.youtube.com/watch?v=0NqRcX-HXbo,1061924,19965,3564,2012-08-14T15:31:39Z,PT13M49S
Max Payne 3 | L'homme INTUABLE et complètement HUSS | Let's Play: Episode 5 partie 2,SQUEEZIE,https://www.youtube.com/watch?v=9n4g0hj1Nkc,47146,1162,137,2012-08-10T15:33:37Z,PT17M1S
Max Payne 3 | L'homme INTUABLE et complètement HUSS | Let's Play: Episode 5 partie 1,SQUEEZIE,https://www.youtube.com/watch?v=W30-aCz5PS0,56419,1231,165,2012-08-10T15:33:09Z,PT15M11S
MW3 avec Bboy | Une vidéo bien puante et totalement dépourvue de sens !,SQUEEZIE,https://www.youtube.com/watch?v=c_VUkTzHlTc,187893,5673,628,2012-08-06T15:32:57Z,PT25M33S
"150.000 abonnés : Mon formidable parcours, grâce à vous.",SQUEEZIE,https://www.youtube.com/watch?v=I2pON6b1KfM,155132,7314,648,2012-08-02T15:30:21Z,PT6M31S
Remerciements 150k | Bonne grosse rage sur MW2 ! | Programme des vacances !,SQUEEZIE,https://www.youtube.com/watch?v=uF6ZUmlqDjQ,193563,5970,716,2012-08-01T15:55:49Z,PT11M49S
SqueeZie ft FeZzo - Mashup,SQUEEZIE,https://www.youtube.com/watch?v=g67zC6m6vd0,353425,9164,1044,2012-07-30T16:29:04Z,PT3M4S
MES VACANCES | De retour !,SQUEEZIE,https://www.youtube.com/watch?v=BxROWjOPRFw,771915,17262,1953,2012-07-26T16:58:55Z,PT3M36S
MW3 | LA CHASSE AUX SANGLIERS ! Avec IngloriousJojo !,SQUEEZIE,https://www.youtube.com/watch?v=VXoFlw2ddXY,256437,7492,705,2012-07-14T17:53:42Z,PT7M9S
Japan Expo 2012,SQUEEZIE,https://www.youtube.com/watch?v=aN0c6v10PDo,162607,5963,963,2012-07-10T16:01:32Z,PT3M2S
SCP-087 Containment Breach | L'homme cacahuète ! | Épisode 4,SQUEEZIE,https://www.youtube.com/watch?v=j684UzOe-SA,1001258,15864,2774,2012-06-30T15:35:14Z,PT17M12S
Les défis de SqueeZie | Episode 8 : Cocktail Vomito V2 et le Vomito Splash !,SQUEEZIE,https://www.youtube.com/watch?v=MsZ3IaBxnxY,2457745,27427,3680,2012-06-23T15:44:18Z,PT11M5S
Max Payne 3 | Joli bug : L'homme blblblbl | Let's Play: Episode 4,SQUEEZIE,https://www.youtube.com/watch?v=K43MBygpadg,174650,3569,598,2012-06-17T15:45:37Z,PT46M1S
Max Payne 3 | Le recrutement bien Payneux ! | Let's Play: Episode 3,SQUEEZIE,https://www.youtube.com/watch?v=NpAMwuy9gOY,160784,3638,456,2012-06-15T15:28:58Z,PT38M4S
"Fifa | Du délire et du craquage en masse ! | NGZ, ou la rage à l'état PUR !",SQUEEZIE,https://www.youtube.com/watch?v=AT5UK4O2pLI,617472,12303,1646,2012-06-11T18:50:08Z,PT16M2S
MW3 | Justin Bieber challenge avec FeZzo et T4ze !,SQUEEZIE,https://www.youtube.com/watch?v=Eqc2lreL1Ts,592880,15390,1931,2012-06-07T16:14:52Z,PT19M11S
SQUEEZIE - LES DIFFÉRENTS TYPE DE PROFS,SQUEEZIE,https://www.youtube.com/watch?v=fDbiaQIuHQM,7147535,181105,13069,2012-06-02T16:00:56Z,PT5M40S
Max Payne 3 | Max tu m'fais rager ! | Let's Play: Episode 2,SQUEEZIE,https://www.youtube.com/watch?v=MmadUVWWAn0,220055,5053,622,2012-05-31T15:30:16Z,PT34M38S
"Duel en Folie avec WaRTeK | Un C4 shot à l'envers et une fesse, WTF ?!",SQUEEZIE,https://www.youtube.com/watch?v=GCZh4mWper8,206821,7198,981,2012-05-28T18:11:58Z,PT10M46S
SCP-087-B LaZy Version | WTTTFFF ?! | Épisode 3,SQUEEZIE,https://www.youtube.com/watch?v=_cKOyFoyHbM,505180,11678,2053,2012-05-22T15:47:53Z,PT9M26S
Max Payne 3 | L'homme HUUSSS | Let's Play: Episode 1,SQUEEZIE,https://www.youtube.com/watch?v=DiPwNvVQRYk,644815,13455,1917,2012-05-18T17:05:03Z,PT46M29S
"Trials Evolution | Du fun en MASSE avec CodJordan23, MrBboy45 et DarkFuneral97two !",SQUEEZIE,https://www.youtube.com/watch?v=_WYBDpGyBHM,1037390,19719,3086,2012-05-15T17:39:41Z,PT14M5S
La revanche des bites | ZIZI DANCE ! | Spéciale 100k,SQUEEZIE,https://www.youtube.com/watch?v=LTv6L3CtByc,627468,19681,2464,2012-05-11T16:02:00Z,PT4M29S
Les défis de SqueeZie | Episode 7 : Cinnamon Challenge | LE RETOUR !,SQUEEZIE,https://www.youtube.com/watch?v=oUEl7EVRLvQ,685449,17619,3420,2012-05-07T17:05:21Z,PT11M24S
Naruto détente | Une intro de bite ! | Duel contre NGZ !,SQUEEZIE,https://www.youtube.com/watch?v=At5J3tNECFI,545060,9315,1030,2012-05-05T17:33:47Z,PT14M52S
Détente sur Naruto | La phrase CHIANTE du prof !,SQUEEZIE,https://www.youtube.com/watch?v=g0ZWF5aF0BI,1040335,19895,3157,2012-04-29T18:44:58Z,PT14M14S
Black ops | Je suis Voldemort | Mon aventure Youtube !,SQUEEZIE,https://www.youtube.com/watch?v=D9r7dAk824Q,275396,6708,771,2012-04-26T11:17:22Z,PT7M55S
SQUEEZIE - LE ZAPPING DU FAUX PLAGIAT,SQUEEZIE,https://www.youtube.com/watch?v=ehGosUiklwk,1536351,71513,3607,2012-04-20T17:37:34Z,PT4M12S
Amnesia: Dark Room | PEDOBEARLANDS ! Dual Face Commentary avec Sounsoun !,SQUEEZIE,https://www.youtube.com/watch?v=urDTENroWjo,1147996,19197,2749,2012-04-17T16:07:31Z,PT19M10S
"SCP-087 The Descent | Mr. Coton-Tige, me voici ! + Lien de téléchargement | Épisode 2",SQUEEZIE,https://www.youtube.com/watch?v=UOIn7JnqdtE,962657,22558,4585,2012-04-12T16:47:20Z,PT10M30S
SQUEEZIE - LES MAUVAISES HALEINES,SQUEEZIE,https://www.youtube.com/watch?v=fx_qL3S8DwQ,2898062,56254,2873,2012-04-07T13:51:23Z,PT3M36S
SCP-087-B | Une nouvelle blague de prof ! Frayeur INTENSE | Épisode 1,SQUEEZIE,https://www.youtube.com/watch?v=utgfJfpo4Js,1452721,27790,4955,2012-04-03T18:27:20Z,PT12M40S
SQUEEZIE - CALL OF DUTY,SQUEEZIE,https://www.youtube.com/watch?v=acblDww0DQo,2195899,39526,3542,2012-03-30T18:09:41Z,PT4M43S
3 jeux à gagner pour vous ! :D [TERMINE],SQUEEZIE,https://www.youtube.com/watch?v=Ucd9xpjCzSg,223668,21730,13992,2012-03-26T17:37:37Z,PT5M17S
Killing floor | Le blanc fatal | Extermination de zombies avec MrBboy45 et DarkFuneral97two !,SQUEEZIE,https://www.youtube.com/watch?v=C4ybD7sIza4,401238,8745,3660,2012-03-22T19:22:14Z,PT54M16S
COD 4 | Seul dans la classe !,SQUEEZIE,https://www.youtube.com/watch?v=RRFURQITXYY,807162,15746,1340,2012-03-15T17:37:43Z,PT11M34S
Happy Wheels | Le bug de la rue !,SQUEEZIE,https://www.youtube.com/watch?v=j7y_dtQxqFM,2828605,36321,2595,2012-03-12T17:23:03Z,PT12M21S
Black Ops | LA BLAGUE INTERNATIONALE DU PROF !,SQUEEZIE,https://www.youtube.com/watch?v=G6RTrTduoPE,500355,14005,1565,2012-03-06T18:55:02Z,PT8M34S
L'évolution du no-life | FeZzo & SqueeZie,SQUEEZIE,https://www.youtube.com/watch?v=CXK54nyFeo0,787966,14244,1178,2012-03-02T18:11:26Z,PT1M49S
SSX | TRICKYYY !,SQUEEZIE,https://www.youtube.com/watch?v=KqWlXJl9Xw8,498347,8390,827,2012-02-27T17:11:10Z,PT8M35S
Mode relax avec Gillowel : Apprenez beaucoup de choses !,SQUEEZIE,https://www.youtube.com/watch?v=7eZIOnl1L3w,536092,7254,652,2012-02-23T23:53:40Z,PT1H13M23S
SQUEEZIE - ÊTRE SEUL CHEZ SOI,SQUEEZIE,https://www.youtube.com/watch?v=3b8F8R84DqQ,10076999,259165,15468,2012-02-21T19:35:24Z,PT3M44S
50.000 abonnés : REMERCIEMENTS !,SQUEEZIE,https://www.youtube.com/watch?v=H9-lc8fYmHU,124033,4834,623,2012-02-21T18:39:57Z,PT10M4S
Happy Wheels | Du PUR délire !,SQUEEZIE,https://www.youtube.com/watch?v=y1lvgw9wRD8,2692514,30594,2638,2012-02-18T16:57:46Z,PT12M54S
"Black Ops | Une balle chargée, et ça donne quoi IRL ?!",SQUEEZIE,https://www.youtube.com/watch?v=rld4RD7hwT8,1858822,31462,2558,2012-02-14T17:38:27Z,PT9M47S
Une journée dans la peau de WaRTeK 2,SQUEEZIE,https://www.youtube.com/watch?v=I6xJh7zMwvE,4854753,70754,5017,2012-02-11T18:11:10Z,PT7M25S
MW3 | SOS Gameplay : CodJordan23 à la rescousse !,SQUEEZIE,https://www.youtube.com/watch?v=CVh3AC45XEs,158088,5208,510,2012-02-08T15:23:14Z,PT12M36S
(mini podcast) Reprise du top 10 de la connerie et supplément chaîne secondaire | Spécial 40k,SQUEEZIE,https://www.youtube.com/watch?v=pSrNE5OcQaU,223853,4352,457,2012-02-06T16:55:09Z,PT3M14S
Hello Riche : 40.000 P*TAIN DE F*CKING ABONN*S !,SQUEEZIE,https://www.youtube.com/watch?v=2a25GnSVDoM,88538,3894,520,2012-02-04T14:08:34Z,PT15M21S
La revanche de CodJordan 23 | Défi youtubeur !,SQUEEZIE,https://www.youtube.com/watch?v=8BrqAc_PBD4,475090,5489,455,2012-01-31T18:10:24Z,PT16M39S
"BREF, J'AI MIS UNE VIDEO EN LIGNE (parodie)",SQUEEZIE,https://www.youtube.com/watch?v=ll9k1h8_xds,471863,14028,790,2012-01-28T19:25:49Z,PT1M24S
The Youtube Song | FeZzo & SqueeZie,SQUEEZIE,https://www.youtube.com/watch?v=S8U3RZuSUVE,865376,23379,2014,2012-01-25T10:55:50Z,PT5M36S
SqueeZie & FeZzo | FEU D'ARTIFICE DE VIDEOS !,SQUEEZIE,https://www.youtube.com/watch?v=I2eKqzrwsxE,54469,1181,79,2012-01-24T20:03:38Z,PT2M
"Mode zombie, nous voulons notre revanche !",SQUEEZIE,https://www.youtube.com/watch?v=8OcxUPnZ8LU,373667,4834,473,2012-01-24T19:47:26Z,PT46M28S
Rayman Origins avec FeZzo | Que de fou rire ! Jeu EPIC,SQUEEZIE,https://www.youtube.com/watch?v=swMyw7zsSoU,150815,2429,170,2012-01-23T23:28:59Z,PT16M16S
SqueeZie ft FeZzo - Journée d'un Geek et J'aime Call of en LIVE !,SQUEEZIE,https://www.youtube.com/watch?v=Sj5hPo33RYo,517108,13780,1205,2012-01-22T19:12:58Z,PT3M34S
Black Ops | Toilettary | Les reportages bidons !,SQUEEZIE,https://www.youtube.com/watch?v=g1P0W7fzsPs,99871,3601,414,2012-01-21T19:43:57Z,PT12M31S
Battlefield 3 : Nos plus belles conneries !,SQUEEZIE,https://www.youtube.com/watch?v=kgx7tnmhA-w,170704,2990,340,2012-01-18T15:43:19Z,PT5M57S
Délire pur ! Un Zombie complètement FAIL avec FeZzo !,SQUEEZIE,https://www.youtube.com/watch?v=fzhRpilCdsA,1015276,10850,1124,2012-01-15T14:55:58Z,PT19M8S
MW2 à l'intervention ! | Quelques conseils pour vous soldats débutants !,SQUEEZIE,https://www.youtube.com/watch?v=OHiE_lqZ6IU,189800,3243,594,2012-01-12T18:07:26Z,PT12M38S
Vidéo délire sur Battlefield 3 en compagnie de Corleone75014 !,SQUEEZIE,https://www.youtube.com/watch?v=9hJDvvJ1PDg,108885,2384,259,2012-01-10T18:59:04Z,PT19M17S
Modern Warfare 3 dualtage | Friendship | 30.000 abonnés,SQUEEZIE,https://www.youtube.com/watch?v=b_rXGCy_QVA,69702,3828,281,2012-01-08T13:26:19Z,PT2M3S
Détendons nous sur Prince of Persia !,SQUEEZIE,https://www.youtube.com/watch?v=Usn5fAUe-l0,158272,2602,327,2012-01-05T14:59:31Z,PT20M11S
"MW3 : Y'EN A MARRE ! Témoignage d'artistes, CRAQUAGE PSYCHOLOGIQUE !",SQUEEZIE,https://www.youtube.com/watch?v=qiQTOXhFpDs,307713,9571,,2012-01-03T18:55:23Z,PT12M4S
MW3 | Un commentary avec la pêche et sur Xbox 360 !,SQUEEZIE,https://www.youtube.com/watch?v=nYyad88QInk,148771,3493,413,2011-12-30T19:13:30Z,PT9M59S
SqueeZie vous souhaite un joyeux Noël !,SQUEEZIE,https://www.youtube.com/watch?v=pyOct1ZrD6I,128007,3140,298,2011-12-24T13:02:28Z,PT3M18S
Le fanboy le plus marrant du monde !,SQUEEZIE,https://www.youtube.com/watch?v=dNZqi7tk6vA,625127,14162,1041,2011-12-23T23:25:28Z,PT7M11S
Best of intros !,SQUEEZIE,https://www.youtube.com/watch?v=JDZHgAWNU6I,218081,4422,382,2011-12-23T21:31:50Z,PT8M14S
MW3 | Zone de largage en mode James Bond !,SQUEEZIE,https://www.youtube.com/watch?v=8g85Fb4Z14M,155976,4651,318,2011-12-22T13:50:16Z,PT7M17S
"Saints Row  3 | Détendons nous, testons les choses les plus fun !",SQUEEZIE,https://www.youtube.com/watch?v=zRXUo9iHrFI,710393,9421,922,2011-12-19T13:49:34Z,PT15M17S
Black Ops | Comment faire un gameplay à la CodJordan23 !,SQUEEZIE,https://www.youtube.com/watch?v=XM0I8cCeyJA,49582,1723,199,2011-12-17T12:57:31Z,PT7M23S
20.000 Abonnés : Merci mes p'tits chéris ! (Ca c'est d'la rime),SQUEEZIE,https://www.youtube.com/watch?v=mfGf5hNywL0,59144,1523,242,2011-12-13T17:07:59Z,PT1M57S
"SqueeZie vs SoPlayOn : ""J'tai mis un doigt d'honneur *fou rire*"" | MW2",SQUEEZIE,https://www.youtube.com/watch?v=YUBLR-MZGrs,367312,4275,382,2011-12-13T09:29:29Z,PT14M34S
"SqueeZie vs FaZe WaRTeK : OUTCH ! ""Ca fait mal à la têêêête !"" | MW3",SQUEEZIE,https://www.youtube.com/watch?v=ZDqHyUDGVog,652243,9209,905,2011-12-13T07:49:51Z,PT11M9S
"SqueeZie vs Tiiitou76 : ""Mains-dans-l'dos'tary"" ! | MW2",SQUEEZIE,https://www.youtube.com/watch?v=BSy6OaSeKOA,164346,2630,222,2011-12-12T23:18:25Z,PT9M4S
[20.000] Cadeau inattendu pour SqueeZie | Merci à toi,SQUEEZIE,https://www.youtube.com/watch?v=1-QERTibu5Q,76868,2360,389,2011-12-11T17:47:59Z,PT5M21S
Modern Warfare 2 avec FeZzo : Mes projets et choses à venir ! Nouvelle chanson ?,SQUEEZIE,https://www.youtube.com/watch?v=T1lqsBnU4E8,41265,1094,215,2011-12-10T18:20:27Z,PT13M40S
Comment s'entraîner au sniper et avoir une bonne connexion sur MW3 ?,SQUEEZIE,https://www.youtube.com/watch?v=yyOah7jxgOM,127855,2700,287,2011-12-08T16:32:09Z,PT6M15S
Modern Warfare 3 : Dual Live Commentary avec WaRTeK !,SQUEEZIE,https://www.youtube.com/watch?v=PdguSvbPP2I,58611,1050,185,2011-12-05T17:13:23Z,PT10M56S
Journée d'un geek | FeZzo & SqueeZie,SQUEEZIE,https://www.youtube.com/watch?v=x4F6eEZSA0o,1706869,30974,2767,2011-12-01T16:23:13Z,PT2M
Red Dead Redemption | Chassons de l'ours avec Jean-Pierreuh !,SQUEEZIE,https://www.youtube.com/watch?v=6e43xDnbIfA,363281,5177,288,2011-11-28T16:04:44Z,PT12M51S
BEST OF SKYPE | Episode 1,SQUEEZIE,https://www.youtube.com/watch?v=EFGJj5THh3I,201799,6672,917,2011-11-28T00:52:04Z,PT5M37S
"XBOX 360 A GAGNER ! [CLOSE, RESULTATS LUNDI]",SQUEEZIE,https://www.youtube.com/watch?v=MZ0l6JbbJ9o,63495,5081,3141,2011-11-25T17:24:36Z,PT3M22S
"Commentary on Saints Row 3 ! ""Je tente ou je tente pas ?"" THAT IS THE QUESTION !",SQUEEZIE,https://www.youtube.com/watch?v=234BpZujN8o,498133,6103,800,2011-11-24T19:30:06Z,PT22M37S
CoD:QG : Clip du jour commenté par SqueeZie !,SQUEEZIE,https://www.youtube.com/watch?v=Ivn48ZXWGSE,51284,1066,71,2011-11-22T18:29:54Z,PT1M22S
"Vidéo commentée sur Fear 3 : ""FEAR FAIT PEUR !"" | ""Dont Panic !"" épisode 5 !",SQUEEZIE,https://www.youtube.com/watch?v=AVn9fPwgtqE,83377,2164,318,2011-11-21T21:03:11Z,PT23M22S
SqueeZie en compagnie de la PCC et d'autres youtubers en LIVE !,SQUEEZIE,https://www.youtube.com/watch?v=ReFQcHmCGa0,216216,1690,242,2011-11-19T17:56:18Z,PT1H2M42S
Les défis de SqueeZie | Episode  6 : La ceinture éléctrique !,SQUEEZIE,https://www.youtube.com/watch?v=haGCHt8Os6M,1089356,18840,1781,2011-11-17T17:40:13Z,PT12M7S
Call of Connerie [PARODIE MW3],SQUEEZIE,https://www.youtube.com/watch?v=3-KlPOI_4zE,180464,7056,710,2011-11-12T19:07:43Z,PT2M42S
Mais qui est SqueeZie ? Zoom on SqueeZie's channel ! Par la GeekRadioTV,SQUEEZIE,https://www.youtube.com/watch?v=455av4IBmag,44100,1714,72,2011-11-12T14:48:31Z,PT4M17S
Mode survival sur MW3 en compagnie de LaZy Flay !,SQUEEZIE,https://www.youtube.com/watch?v=EW0dBuI8sCM,36343,886,100,2011-11-09T20:58:41Z,PT15M42S
Modern Warfare 3 : COMMON !,SQUEEZIE,https://www.youtube.com/watch?v=4Oko98Cwl-Q,14285,753,169,2011-11-09T15:43:28Z,PT1M29S
Modern Warfare 3 : Ce que j'en pense !,SQUEEZIE,https://www.youtube.com/watch?v=rjUN0_9by4U,30483,665,99,2011-11-09T15:06:33Z,PT10M22S
Domination sur Modern Warfare 3 en compagnie de 3 membres de la LaZy !,SQUEEZIE,https://www.youtube.com/watch?v=rmRWKVr8Xjo,22920,881,85,2011-11-09T13:13:02Z,PT10M44S
Testons une dernière fois MW2 | Le t-bag en musique !,SQUEEZIE,https://www.youtube.com/watch?v=-CKKNkxBq58,42024,1226,206,2011-11-06T21:02:37Z,PT5M57S
Vidéo comparatif de MW3 & BF3 par Stinatiik !,SQUEEZIE,https://www.youtube.com/watch?v=eMpEsJNOkB4,21591,,213,2011-11-05T18:22:09Z,PT43M24S
"Best of ""Shoot in the Ass"" !",SQUEEZIE,https://www.youtube.com/watch?v=lX1eM5L5rkM,43723,967,92,2011-11-03T17:56:23Z,PT2M3S
"Bêtisier ""Shoot in the ass"" !",SQUEEZIE,https://www.youtube.com/watch?v=VMaQFusJruw,51565,1067,75,2011-11-03T17:36:04Z,PT1M17S
Les défis de SqueeZie | Episode  5 : Le cul rouge !,SQUEEZIE,https://www.youtube.com/watch?v=hYNuxZVgOJM,932838,15970,2211,2011-11-03T17:29:53Z,PT9M51S
[TRES FUN !] Johnx6 m'interview en gaming live !,SQUEEZIE,https://www.youtube.com/watch?v=8huuc7KZW2Y,41942,1408,139,2011-10-30T22:44:00Z,PT13M27S
Best of Paris Games Week 3 : Résumé de nos deux journées,SQUEEZIE,https://www.youtube.com/watch?v=NQsyFswcHSY,59601,1810,248,2011-10-28T23:30:39Z,PT26M51S
Best of Paris Games Week 2 : Dansons avec Tizho et la PlayComedyClub !,SQUEEZIE,https://www.youtube.com/watch?v=hHdwVAg8198,21043,899,231,2011-10-26T17:01:08Z,PT10M58S
"Best of Paris Games Week 1 : Interviews de CoD:QG, PlayComedyClub et d'autres grands youtubers",SQUEEZIE,https://www.youtube.com/watch?v=HaAPj3X5ZCo,37850,1235,239,2011-10-25T20:38:58Z,PT12M46S
Trailer Best of Paris Games Week,SQUEEZIE,https://www.youtube.com/watch?v=kNT8ZGv9LZs,31707,1301,123,2011-10-25T00:15:22Z,PT1M28S
Premier jour à la PGW ! Dansons avec Acid Mymy et Acid Reez ! :D,SQUEEZIE,https://www.youtube.com/watch?v=kbeTuu3LdlQ,30265,1099,241,2011-10-22T21:26:57Z,PT7M57S
Un Fifa 12 contre NGZ !,SQUEEZIE,https://www.youtube.com/watch?v=nMFV8RtkVE4,268496,2468,465,2011-10-21T09:42:29Z,PT18M18S
"Guerre terrestre en LIVE avec WaRTeK ! ""QUAD FEED !"" | Second épisode, que voulez-vous ?",SQUEEZIE,https://www.youtube.com/watch?v=SOMd96Q3uW8,263541,3467,451,2011-10-19T18:25:26Z,PT12M42S
10.000 ABONNES ! UN GRAND MERCI !,SQUEEZIE,https://www.youtube.com/watch?v=putvF_EAEvc,175687,7183,1502,2011-10-19T18:14:28Z,PT3M9S
SQUEEZIE - LES TOILETTES,SQUEEZIE,https://www.youtube.com/watch?v=RevuP03RC_U,5175699,122130,13426,2011-10-19T17:17:10Z,PT5M39S
MW2 | La roulette bombe ! (Un jeu plutôt fun... Quand tu t'ennuies :D),SQUEEZIE,https://www.youtube.com/watch?v=8VVz5LzrfPQ,210678,2336,140,2011-10-19T16:20:33Z,PT5M50S
NGZ joue sur Xbox 360 ! Son premier commentary sur Xbox !,SQUEEZIE,https://www.youtube.com/watch?v=THNL9maJIKs,51183,813,146,2011-10-19T01:34:58Z,PT10M42S
"Florent joue à Modern Warfare 2 ! ""C'est quoi...""",SQUEEZIE,https://www.youtube.com/watch?v=7yvltR78IOA,218388,3094,759,2011-10-18T23:51:14Z,PT10M36S
Vidéo commentée sur Call of Duty 4 en attendant les 10.000 abonnés !,SQUEEZIE,https://www.youtube.com/watch?v=y6oN3S5CmsI,294264,4522,665,2011-10-18T22:07:56Z,PT9M6S
"Vidéo commentée sur Minecraft en compagnie de NGZ ! ""Bah y'a quoi qu'est drôle ?""",SQUEEZIE,https://www.youtube.com/watch?v=jGxL2448-mQ,641335,6055,710,2011-10-15T19:06:26Z,PT18M30S
[Détente] Vidéo commentée sur Rusty Hearts en compagnie de Ichocs !,SQUEEZIE,https://www.youtube.com/watch?v=lgai2TlVHak,33605,684,122,2011-10-13T20:52:15Z,PT15M42S
OUVERTURE DE MA CHAÎNE SECONDAIRE !,SQUEEZIE,https://www.youtube.com/watch?v=WSGQYH2T594,319588,9003,1837,2011-10-12T12:20:21Z,PT2M42S
"Vidéo commentée sur Minecraft ! GROS BUG ! ""Le récapituilakipulati""",SQUEEZIE,https://www.youtube.com/watch?v=-MvZ5dxSDZM,1316452,15362,2828,2011-10-10T17:56:07Z,PT25M23S
Les défis de SqueeZie | Episode 4 : Le crâne d'oeuf ! \o/,SQUEEZIE,https://www.youtube.com/watch?v=t8h2_lLLgaw,750160,17497,1468,2011-10-08T19:16:12Z,PT10M53S
[IRL] UNE VIDEO BONUS QUI TOURNE AU FOU RIRE !,SQUEEZIE,https://www.youtube.com/watch?v=1QxslsL423M,885315,21648,1601,2011-10-05T19:28:21Z,PT5M13S
"Vidéo commentée sur Just Cause 2 ! ""ELLE M'A ENCORE MIS UN MOT !""",SQUEEZIE,https://www.youtube.com/watch?v=JZR1jUxG6v0,69974,1280,138,2011-10-05T15:13:59Z,PT18M32S
"Vidéo commentée sur Dead Island ! ""LA BLAGUE INTERNATIONALE DES PROFS !""",SQUEEZIE,https://www.youtube.com/watch?v=mBDQyvq5IK0,88505,1787,164,2011-09-30T18:17:46Z,PT17M10S
Battlefield 3 Beta : Vidéo commentée à la mitrailleuse lourde !,SQUEEZIE,https://www.youtube.com/watch?v=qEmnbTWRqSs,18987,471,79,2011-09-29T19:40:31Z,PT5M35S
Battlefield 3 Beta : Vidéo commentée au sniper !,SQUEEZIE,https://www.youtube.com/watch?v=rroQZMKD5V0,38908,716,128,2011-09-27T21:46:53Z,PT12M51S
Informations concernant la beta de Battlefield 3 + vidéos à venir !,SQUEEZIE,https://www.youtube.com/watch?v=J1S1IBWVTYE,42441,1234,237,2011-09-26T18:22:31Z,PT3M1S
"Seconde vidéo commentée sur Dead Island ! ""MAIS JE PUE DES PIEDS, AAAH !""",SQUEEZIE,https://www.youtube.com/watch?v=FH9WnDgA98g,28201,913,125,2011-09-24T00:51:32Z,PT27M17S
SQUEEZIE A BOUT ! Vidéo commentée sur Modern Warfare 2 !,SQUEEZIE,https://www.youtube.com/watch?v=37_VLFHfmwo,133041,1667,174,2011-09-20T17:46:21Z,PT4M56S
Top 5 PCC | Episode 3 commenté par SqueeZie,SQUEEZIE,https://www.youtube.com/watch?v=neA3ttlKC4Q,124280,2158,108,2011-09-17T15:28:57Z,PT3M58S
"Détente...*HUM* Stress INTENSE sur Dead Island ! ""AAAAAAAAAAH""",SQUEEZIE,https://www.youtube.com/watch?v=1pUNQASHtAg,45668,1228,198,2011-09-13T19:58:57Z,PT22M56S
Les défis de SqueeZie | Episode 3 : Le cocktail Vomito !,SQUEEZIE,https://www.youtube.com/watch?v=pqqGn8ACn8M,344768,7043,895,2011-09-11T15:31:43Z,PT13M27S
Les défis de SqueeZie | Episode 2 : Le pimentary !,SQUEEZIE,https://www.youtube.com/watch?v=_s72T0CCbqo,483247,11759,1316,2011-09-06T19:37:35Z,PT13M2S
Un zombie sur Moon et Der Riese avec TheGame57360 !,SQUEEZIE,https://www.youtube.com/watch?v=WkBEompW7Ho,187948,2794,244,2011-09-06T15:29:57Z,PT48M24S
"""Shout is allowed !"" Episode 1 en compagnie de Amazing-TuX ! DualFaceLive Commentary !",SQUEEZIE,https://www.youtube.com/watch?v=31AfwHlMyTI,31214,879,89,2011-09-01T18:45:54Z,PT21M52S
Les défis de SqueeZie | Episode 1 : La giffle,SQUEEZIE,https://www.youtube.com/watch?v=B1VAtRdN1vQ,549606,11472,1373,2011-08-29T12:43:42Z,PT7M49S
Un tutorial complètement foiré et une soirée assez merdique ! | Vidéo spéciale 3000 abonnés,SQUEEZIE,https://www.youtube.com/watch?v=X-nibn5U7h0,42358,1757,163,2011-08-28T18:12:03Z,PT11M2S
Top 5 de la connerie | Episode 2,SQUEEZIE,https://www.youtube.com/watch?v=ZoyM8b_CgxI,400058,6038,297,2011-08-25T18:49:51Z,PT3M19S
Faisons le point | Mes projets et vidéos à venir.,SQUEEZIE,https://www.youtube.com/watch?v=Z8lidkUng8k,62596,2012,,2011-08-25T18:29:36Z,PT5M14S
"De retour, et... énervé ! RAGE-COMMENTARY ""J'me suis fait pété le cul pendant toute la vidéo !""",SQUEEZIE,https://www.youtube.com/watch?v=AK_Fo-OkMrI,92671,1906,150,2011-08-24T13:47:22Z,PT9M43S
"De retour, mais malade et fatigué !",SQUEEZIE,https://www.youtube.com/watch?v=mwMgIRxDJmU,173129,5104,739,2011-08-21T13:34:45Z,PT1M38S
Mise en veille de ma chaîne pour 2 semaines ! + Remerciements 2000 abonnés,SQUEEZIE,https://www.youtube.com/watch?v=TQMVjHy7ESM,71988,2005,286,2011-08-04T12:02:20Z,PT2M55S
Un zombie plutôt mystique avec Medvine et IChocs !,SQUEEZIE,https://www.youtube.com/watch?v=2G_1hfX6NnE,270465,4633,726,2011-08-03T08:02:08Z,PT1H38M32S
[Vidéo annonce] Une partie complètement merdique avec deux membres de la LaZy !,SQUEEZIE,https://www.youtube.com/watch?v=aAA9ZO_ksjQ,14287,645,222,2011-08-02T01:14:13Z,PT6M34S
"Cette vidéo répondra à toutes vos questions ! (Avec quoi je filme, ma config, ect...)",SQUEEZIE,https://www.youtube.com/watch?v=KMKX8DwnaLA,174414,3906,693,2011-08-01T14:39:51Z,PT11M30S
Top 5 de la connerie | Episode 1,SQUEEZIE,https://www.youtube.com/watch?v=sbRLDdAnOBc,568033,11046,424,2011-07-31T16:18:52Z,PT2M44S
"Vidéo commentée sur Team Fortress 2 ! ""*Slurp slurp* Oh trop bon ! *Slurp slurp*""",SQUEEZIE,https://www.youtube.com/watch?v=0tRmzNQWMyc,73807,2074,593,2011-07-30T21:57:14Z,PT9M54S
"Un commentary piquant sur MW2 ! "" *Haaaaaa* """,SQUEEZIE,https://www.youtube.com/watch?v=7fP0evxHft4,79899,2322,162,2011-07-29T17:39:38Z,PT9M44S
"""Don't Panic"" épisode 4 ! ""Ca sent le... HAAAA""",SQUEEZIE,https://www.youtube.com/watch?v=FDq9j0PKc9Q,28681,1009,184,2011-07-28T23:45:37Z,PT17M16S
"Du caillou et bâton Made In Maison sur Black Ops ! ""OH MON DIEUU""",SQUEEZIE,https://www.youtube.com/watch?v=7jfKYn2lfOQ,39342,1424,142,2011-07-27T20:54:25Z,PT11M41S
"Annonce du ""Top 5 de la connerie"" et de la Vidéo Optionnelle n°3 !",SQUEEZIE,https://www.youtube.com/watch?v=BNzD7Uvy1Cs,124343,3821,864,2011-07-24T19:55:09Z,PT5M6S
"Come back on World at War ! ""J'me sens free !""",SQUEEZIE,https://www.youtube.com/watch?v=Sho7nifh1hg,35706,1425,189,2011-07-23T18:07:27Z,PT10M48S
Une journée dans la peau de WaRTeK | Vidéo Spéciale 1000 abonnés,SQUEEZIE,https://www.youtube.com/watch?v=ZozsvOLqV3k,3069645,57208,4898,2011-07-21T17:45:36Z,PT6M14S
"Du Black Ops à la manette ! ""Du chien grillé !""",SQUEEZIE,https://www.youtube.com/watch?v=ZpBbbOfhR2Q,142179,3439,312,2011-07-15T21:51:32Z,PT5M14S
"Vidéo test de Terraria ! ""Ba, qu'est ce qu'il fait lui ?""",SQUEEZIE,https://www.youtube.com/watch?v=Dj1om-ghEl8,75282,2858,449,2011-07-12T18:20:35Z,PT4M25S
LU2.,SQUEEZIE,https://www.youtube.com/watch?v=IbxJ-cbYeaQ,14952,801,177,2011-07-11T15:50:27Z,PT1M23S
"[Video fun] 21-3 au sniper sur Call of Duty 4 ! ""SALUT TOUT LE MONDE !""",SQUEEZIE,https://www.youtube.com/watch?v=P7caJcrpYbI,35772,1330,108,2011-07-09T18:20:01Z,PT6M58S
"Vidéo commentée en LIVE à l'intervention ! ""Ce truc fait mon bonheur !""",SQUEEZIE,https://www.youtube.com/watch?v=XuGSCLcypJM,17965,654,91,2011-07-08T14:21:39Z,PT8M21S
"Du progrès au sniper sur Black Ops ! ""Vous savez ce que j'leurs dis aux profs ?""",SQUEEZIE,https://www.youtube.com/watch?v=qa2HJmlKJvA,308854,3933,395,2011-07-02T17:35:36Z,PT5M23S
"Vidéo optionnelle n°2 : Un zombie avec Ricordic, Ricocotamus, et godofwar ! ""Du PQ sur la bouche""",SQUEEZIE,https://www.youtube.com/watch?v=mNI_GyyBWEo,46314,971,96,2011-07-01T01:27:51Z,PT1H7M33S
"Zaaako ""Suicide"" Edit by SqueeZie",SQUEEZIE,https://www.youtube.com/watch?v=S3g7liL66yw,19490,740,123,2011-06-30T20:23:02Z,PT2M38S
500 Abonnés = SETUP ! + UNE GRANDE NOUVELLE !,SQUEEZIE,https://www.youtube.com/watch?v=8WcfTYzGFYY,306733,11076,2702,2011-06-27T18:39:03Z,PT5M38S
"[Vidéo test] Un commentary sur Homefront ! Un jeux ""Mixé"" !",SQUEEZIE,https://www.youtube.com/watch?v=eNCPyZ9mn6A,21841,726,101,2011-06-26T16:05:45Z,PT10M18S
"30-5 en mêlée générale sur Black Ops : ""Vas-y Roger, appuie sur le champignon !""",SQUEEZIE,https://www.youtube.com/watch?v=VZ6uJdwhdCk,61054,2004,151,2011-06-19T00:27:44Z,PT7M51S
"[Détente] Opérations spéciales avec NGZ : ""Mais ferme ta gue*le !!""",SQUEEZIE,https://www.youtube.com/watch?v=iYp4FpQOr1M,26321,871,98,2011-06-17T02:44:37Z,PT22M30S
"Vidéo optionnelle n°1 ! Avec Dark Lama, Predator et DreeXie !",SQUEEZIE,https://www.youtube.com/watch?v=wGvbQ3OBcJE,24064,791,99,2011-06-15T15:39:04Z,PT10M22S
"""Don't Panic"" Episode 3 | Vidéo commentée en Live sur Dead Space 2 ""Faut que j'fasse quoi ?""",SQUEEZIE,https://www.youtube.com/watch?v=-LXyS1mts6A,44534,1120,118,2011-06-15T04:14:19Z,PT28M57S
"Vidéo commentée en live sur Burnout Paradise ! ""Je sais pas commenter en live...""",SQUEEZIE,https://www.youtube.com/watch?v=7TzVw2E8Wlk,229296,3125,363,2011-06-14T01:29:16Z,PT14M29S
Vidéo commentée sur Call of Duty 4 : Biggest SpawnKill Ever ?!,SQUEEZIE,https://www.youtube.com/watch?v=QfEjURrJnxA,28387,889,101,2011-06-06T18:03:03Z,PT7M37S
"Vidéo annonce de ""Music 4 Players"" !",SQUEEZIE,https://www.youtube.com/watch?v=RkaRUpePy3Y,242661,7720,1550,2011-06-06T12:28:39Z,PT4M41S
Vidéo commentée en live sur GTA IV | AUTO-MUSIC : ON,SQUEEZIE,https://www.youtube.com/watch?v=noqtrJJJwPw,2398644,26381,3091,2011-05-31T01:02:28Z,PT14M1S
"""Don't Panic"" Episode 2 | Vidéo commentée en Live sur Dead Space 2 ""C'est des balles ?!""",SQUEEZIE,https://www.youtube.com/watch?v=PZ9WUNvj3n8,89587,1430,177,2011-05-27T20:55:37Z,PT36M55S
"Vidéo commentée sur Scrapyard : 33-2 au Famas (ou presque) ! ""Ma première...""",SQUEEZIE,https://www.youtube.com/watch?v=EF4UOrsWENM,28124,915,103,2011-05-26T13:29:42Z,PT7M57S
"""Don't Panic"" Episode 1 | Vidéo commentée en Live sur Dead Space 2 ""Ca sent le monstre !""",SQUEEZIE,https://www.youtube.com/watch?v=Fq58Sqq_hCI,107134,2440,249,2011-05-22T04:33:01Z,PT27M57S
"Commentary de l'Open Lobby ! 16-4 sur Highrise ""C'est pas comme si...""",SQUEEZIE,https://www.youtube.com/watch?v=fYPVUbJ9ens,29284,1043,154,2011-05-19T08:06:01Z,PT8M45S
"Black Ops : 42-12 en démolition sur Summit ""Ici, c'est SqueeZie (8)""",SQUEEZIE,https://www.youtube.com/watch?v=59Nyytz6rwA,57729,1885,274,2011-05-17T10:01:19Z,PT14M47S
Un jeu très particulier : Wolfeinstein Enemy Territory,SQUEEZIE,https://www.youtube.com/watch?v=mpmuJ68koD8,60505,1318,202,2011-05-13T20:31:28Z,PT23M9S
Tuto Barrel Roll | en FR et HD by SqueeZie,SQUEEZIE,https://www.youtube.com/watch?v=2hAfn17wdXg,64843,1440,186,2011-05-05T22:27:54Z,PT3M17S
Une vidéo... Surprise !,SQUEEZIE,https://www.youtube.com/watch?v=vGxhjmpg-1k,1916496,72914,,2011-04-28T19:14:25Z,PT4M56S
[TUTO ENGLISH/FR] Comment faire des 360 sur PC ? [Tuto Yawspeed],SQUEEZIE,https://www.youtube.com/watch?v=-nkAoLi0ZOs,80515,2265,278,2011-04-25T14:30:34Z,PT3M40S
"Le ""Top concours"" !",SQUEEZIE,https://www.youtube.com/watch?v=e47hUV4Pegg,33728,1634,244,2011-04-21T20:09:20Z,PT2M37S
Retour sur Black Ops ! Parlons plus stratégie...,SQUEEZIE,https://www.youtube.com/watch?v=SE-xYggGd_8,38912,1585,155,2011-04-19T11:55:03Z,PT14M56S
Les différents kill au sniper et tutorial.,SQUEEZIE,https://www.youtube.com/watch?v=f-oB0k1SByM,123475,5274,296,2011-04-18T11:38:27Z,PT2M26S
Minecraft : Vidéo commentée en live | Partie 2,SQUEEZIE,https://www.youtube.com/watch?v=uHwdAozPxqE,696968,17954,1317,2011-04-13T21:36:16Z,PT7M17S
Minecraft : Vidéo commentée en live | Partie 1,SQUEEZIE,https://www.youtube.com/watch?v=3AiIfr2He3M,2219361,46773,9835,2011-04-13T20:49:12Z,PT14M39S
[TUTO] Comment utiliser fraps et sans lagger ?,SQUEEZIE,https://www.youtube.com/watch?v=b6MaPg5YpuA,444244,10718,2278,2011-04-07T21:23:12Z,PT6M33S
Pourquoi je n'aime plus Modern Warfare 2 ?,SQUEEZIE,https://www.youtube.com/watch?v=XgPF3jASqb8,240830,4079,691,2011-04-05T00:09:00Z,PT11M57S
Comment s'entraîner au sniper sur Black Ops ?,SQUEEZIE,https://www.youtube.com/watch?v=H75jCXFo26E,449361,6663,1042,2011-03-12T16:21:53Z,PT8M54S
Vidéo test de Bad Company 2 !,SQUEEZIE,https://www.youtube.com/watch?v=jfK3oUywLVg,113819,3298,562,2011-03-09T00:56:19Z,PT11M14S
Video commentée : Call of Duty Black Ops,SQUEEZIE,https://www.youtube.com/watch?v=VMWexJKi5VY,387732,11287,2236,2011-03-05T19:29:20Z,PT5M36S
Video commentée : Crysis 2,SQUEEZIE,https://www.youtube.com/watch?v=p61Xwch8f3I,1481405,58898,20018,2011-03-03T16:25:56Z,PT8M33S
